timestamp,channel_1,channel_2,channel_3,channel_4,channel_5,channel_6,ch_07_raw,channel_8,channel_9,sensor_id
2047-03-15 02:14:21,61.33,60.01,55.36,59.31,52.37,54.54,60.61,66.32,60.72,RADIO-7
2047-03-15 00:09:30,58.14,62.51,61.44,47.48,65.69,66.15,,60.14,48.95,RADIO-7
2047-03-15 02:11:30,50.03,62.59,70.98,63.51,69.24,64.12,63.48,69.66,63.47,RADIO-7
2047-03-15 02:11:00,65.13,64.35,52.82,55.88,56.13,65.86,61.32,,52.62,RADIO-7
2047-03-15 00:42:50,55.75,62.29,,63.55,60.12,51.93,64.56,69.89,57.69,RADIO-7
2047-03-15 00:19:20,59.79,53.61,60.52,79.46,,64.93,54.43,54.44,61.55,RADIO-7
2047-03-15 01:53:40,56.85,52.59,48.2,66.96,60.5,64.29,67.71,59.15,66.25,RADIO-7
2047-03-15 01:29:20,54.84,53.68,56.38,59.66,56.92,,76.26,54.07,52.84,RADIO-7
2047-03-15 01:07:30,63.74,54.28,49.34,63.56,64.96,68.02,55.61,47.92,55.37,RADIO-7
2047-03-15 01:08:40,50.8,65.3,70.43,54.09,58.95,49.18,55.15,60.51,52.11,RADIO-7
2047-03-15 02:41:40,60.77,65.92,59.54,56.42,71.33,53.6,56.74,50.97,48.91,RADIO-7
2047-03-15 02:54:50,68.28,65.53,57.52,58.62,56.61,53.08,64.06,64.44,50.84,RADIO-7
2047-03-15 03:10:40,58.96,47.08,68.26,69.63,62.96,61.86,48.06,68.45,,RADIO-7
2047-03-15 00:43:10,64.65,64.04,63.32,58.83,57.46,58.01,51.91,60.76,72.32,RADIO-7
2047-03-15 01:52:40,53.34,56.63,64.65,,58.9,60.18,56.45,57.99,60.71,RADIO-7
2047-03-15 00:39:00,72.86,,70.2,54.18,64.29,58.67,57.29,53.33,72.99,RADIO-7
2047-03-15 00:20:40,63.52,60.39,65.53,,,69.18,62.85,49.53,55.5,RADIO-7
2047-03-15 02:50:10,56.56,56.11,59.54,70.36,61.61,50.25,65.8,61.68,62.69,RADIO-7
2047-03-15 00:21:30,56.98,63.6,53.21,46.1,59.14,51.27,57.16,57.33,62.33,RADIO-7
2047-03-15 01:11:40,52.9,62.91,49.78,65.17,70.85,,66.44,,64.94,RADIO-7
2047-03-15 01:26:20,60.6,64.26,60.59,57.27,58.84,43.78,,49.71,55.48,RADIO-7
2047-03-15 02:19:30,54.01,56.95,52.47,58.36,53.95,49.38,51.58,49.97,57.9,RADIO-7
2047-03-15 00:10:30,52.82,54.48,52.57,61.87,51.9,74.33,68.16,53.37,61.36,RADIO-7
2047-03-15 00:25:30,61.39,64.55,62.34,57.31,65.82,54.78,67.07,60.05,62.02,RADIO-7
2047-03-15 02:38:40,52.49,60.13,62.57,65.24,68.35,51.21,56.97,,52.21,RADIO-7
2047-03-15 02:31:30,72.98,63.62,60.13,59.58,71.39,54.66,62.49,66.19,53.21,RADIO-7
2047-03-15 01:40:30,68.13,50.92,71.33,54.18,60.55,62.53,61.15,48.35,60.33,RADIO-7
2047-03-15 03:05:50,62.19,62.53,62.85,59.77,54.64,57.4,64.61,51.92,50.89,RADIO-7
2047-03-15 00:32:10,52.53,60.82,60.35,,63.4,65.75,57.93,60.82,54.26,
2047-03-15 01:06:10,68.12,72.34,49.28,58.08,57.98,52.29,53.68,65.39,55.77,RADIO-7
2047-03-15 01:00:00,63.12,59.87,63.78,55.61,61.64,65.39,50.8,,53.58,RADIO-7
2047-03-15 00:42:20,50.88,63.39,56.05,57.81,52.7,57.68,53.66,64.68,56.58,RADIO-7
2047-03-15 01:02:50,61.1,66.99,58.55,68.68,48.88,60.39,59.82,66.85,54.59,RADIO-7
2047-03-15 01:14:30,,65.91,54.98,76.89,50.65,57.23,72.27,60.73,61.26,RADIO-7
2047-03-15 00:14:40,,53.38,60.15,67.65,61.36,61.59,65.18,63.43,59.89,RADIO-7
2047-03-15 03:08:40,69.68,50.89,59.38,53.72,60.62,63.55,60.9,50.85,56.89,RADIO-7
2047-03-15 02:53:40,66.47,71.86,60.85,58.65,51.04,62.76,58.96,54.17,66.42,RADIO-7
2047-03-15 02:15:00,58.88,,67.1,55.99,,62.65,58.27,51.29,60.02,RADIO-7
2047-03-15 01:43:10,61.34,54.08,63.31,49.18,52.93,,61.41,64.13,63.13,RADIO-7
2047-03-15 00:52:50,58.14,63.78,65.31,63.29,,56.83,58.52,60.88,56.77,RADIO-7
2047-03-15 02:46:20,56.57,56.15,73.63,62.53,63.06,59.97,73.24,56.8,61.73,RADIO-7
CORRUPTED_TS_2983,52.58,,51.73,46.94,55.56,60.38,55.07,60.49,59.29,RADIO-7
2047-03-15 00:13:20,58.68,60.8,56.36,53.28,65.96,69.29,,58.07,57.61,RADIO-7
2047-03-15 01:39:40,57.33,66.46,62.01,41.95,48.64,49.41,60.87,55.89,67.75,RADIO-7
2047-03-15 00:35:40,58.11,56.14,63.59,52.41,60.46,54.64,,59.93,59.2,RADIO-7
2047-03-15 00:29:30,68.72,66.24,65.98,52.63,60.69,52.74,63.65,54.08,61.13,RADIO-7
2047-03-15 00:28:30,55.11,70.27,51.31,57.01,59.51,60.79,60.35,62.47,61.7,RADIO-7
2047-03-15 00:23:50,61.11,67.14,58.15,61.01,55.63,64.1,54.54,59.95,61.13,RADIO-7
2047-03-15 01:48:00,58.61,65.82,62.55,62.96,61.92,66.64,56.1,58.84,64.79,RADIO-7
2047-03-15 02:47:40,65.37,68.9,64.09,57.93,46.17,69.65,63.67,52.81,62.77,RADIO-7
2047-03-15 03:06:40,66.63,62.64,63.02,66.04,67.51,57.39,,66.18,58.84,RADIO-7
2047-03-15 00:56:20,62.48,52.98,,57.9,55.85,60.83,,68.87,52.42,RADIO-7
CORRUPTED_TS_3506,50.32,54.96,68.46,,50.4,71.28,66.18,67.14,57.24,RADIO-7
2047-03-15 00:14:20,65.49,48.98,57.68,74.91,55.37,58.14,66.45,62.5,48.7,RADIO-7
2047-03-15 02:19:20,69.3,62.35,66.04,67.04,72.51,65.57,50.68,63.22,50.9,RADIO-7
2047-03-15 02:51:00,60.23,68.52,61.52,56.13,59.35,61.86,57.4,54.13,67.8,RADIO-7
2047-03-15 02:37:00,63.9,61.04,53.84,49.07,60.12,67.8,51.32,68.38,60.41,RADIO-7
2047-03-15 00:45:10,51.38,56.34,63.49,60.95,,64.45,58.16,69.42,52.63,RADIO-7
2047-03-15 02:31:00,51.84,54.6,63.19,174.67,65.84,53.02,59.77,64.98,,RADIO-7
2047-03-15 01:49:20,60.08,68.35,56.67,54.98,56.23,52.38,52.76,58.9,64.12,RADIO-7
2047-03-15 00:57:10,56.96,57.26,63.35,45.66,57.56,59.01,68.09,65.31,70.99,RADIO-7
2047-03-15 00:35:10,66.81,63.34,53.17,62.52,64.4,60.76,60.58,63.49,55.79,RADIO-7
2047-03-15 01:52:30,55.33,68.37,70.91,59.39,69.82,64.66,57.87,69.26,63.43,RADIO-7
CORRUPTED_TS_4978,61.34,61.24,62.02,47.7,62.81,70.65,64.06,63.42,60.26,RADIO-7
2047-03-15 02:01:30,55.33,71.75,57.53,57.59,59.34,70.7,51.09,65.97,66.39,RADIO-7
2047-03-15 00:55:30,,59.11,54.72,64.57,62.72,58.27,57.36,48.72,55.67,RADIO-7
2047-03-15 01:17:50,64.55,56.97,54.68,61.78,56.71,57.1,57.1,54.92,62.6,RADIO-7
2047-03-15 01:57:40,52.32,50.57,52.24,56.22,53.69,57.52,60.51,64.55,60.09,RADIO-7
2047-03-15 02:44:00,59.98,46.73,66.64,58.87,59.17,52.48,60.32,55.66,54.95,RADIO-7
2047-03-15 02:21:10,74.73,59.94,55.6,60.6,69.41,62.86,55.76,54.05,53.69,RADIO-7
2047-03-15 03:15:20,60.63,60.96,61.92,63.87,64.12,58.99,61.5,57.06,65.27,RADIO-7
2047-03-15 02:22:00,56.18,56.05,63.83,66.9,59.21,60.19,57.46,57.39,65.49,RADIO-7
2047-03-15 00:08:50,63.67,62.24,55.71,55.05,60.89,65.13,65.8,56.25,69.11,RADIO-7
2047-03-15 01:59:00,59.77,49.19,62.33,57.54,,48.22,57.97,60.09,56.08,RADIO-7
2047-03-15 01:28:20,63.83,58.66,65.21,58.54,56.77,63.47,69.26,57.8,,RADIO-7
2047-03-15 03:01:30,58.82,68.53,50.41,57.1,57.9,65.19,48.56,61.61,56.97,RADIO-7
2047-03-15 01:11:20,66.35,60.41,65.71,69.59,63.6,68.12,50.36,63.1,49.77,RADIO-7
2047-03-15 00:02:50,61.89,61.67,62.04,58.3,54.75,61.17,69.33,60.56,52.97,RADIO-7
2047-03-15 01:31:20,62.23,,58.88,56.91,48.01,62.35,64.38,62.13,49.61,RADIO-7
2047-03-15 03:04:10,53.76,78.66,51.77,59.23,57.67,57.67,64.79,65.94,55.76,RADIO-7
2047-03-15 02:45:10,47.75,62.77,55.18,61.18,44.96,65.77,57.54,69.09,57.77,RADIO-7
2047-03-15 02:00:20,51.91,53.56,62.95,67.32,64.52,62.13,52.46,64.09,66.22,RADIO-7
CORRUPTED_TS_2245,60.6,52.74,72.34,52.8,52.26,55.1,51.75,66.06,57.22,RADIO-7
2047-03-15 00:26:40,54.15,59.91,53.92,61.93,58.09,60.86,55.44,57.59,51.48,RADIO-7
2047-03-15 02:52:10,63.88,65.36,59.41,65.03,64.92,54.11,56.53,56.18,,RADIO-7
2047-03-15 01:50:40,55.72,,50.91,59.64,48.2,55.68,57.25,62.74,64.58,RADIO-7
2047-03-15 00:17:50,61.05,59.95,67.47,68.11,53.08,54.84,68.62,54.97,65.96,RADIO-7
2047-03-15 01:23:30,,,57.45,55.33,58.12,52.74,53.32,,61.2,RADIO-7
2047-03-15 01:54:50,,59.91,60.86,63.63,57.69,55.83,,56.53,55.49,RADIO-7
2047-03-15 02:42:10,56.08,60.91,,56.49,54.98,66.98,55.3,,62.47,RADIO-7
2047-03-15 01:46:10,60.44,60.65,61.02,57.92,67.1,52.13,,68.08,58.89,RADIO-7
2047-03-15 02:02:10,49.78,59.36,68.97,61.2,61.26,55.92,,61.64,59.1,RADIO-7
2047-03-15 00:49:50,63.78,63.56,67.97,62.28,60.41,56.49,58.92,52.92,65.68,RADIO-7
2047-03-15 00:25:40,61.76,56.54,54.79,,61.96,,67.87,65.66,57.25,RADI0-7
2047-03-15 00:00:20,63.89,60.73,56.72,72.3,51.63,54.35,64.88,63.75,61.14,RADIO-7
2047-03-15 01:59:20,60.69,55.27,58.83,53.24,63.03,66.29,58.35,69.68,67.34,RADIO-7
2047-03-15 00:07:00,59.31,56.51,52.25,54.06,64.11,73.21,54.88,58.58,61.59,RADIO-7
2047-03-15 01:39:30,54.13,55.22,52.55,50.61,64.4,56.35,58.08,69.53,66.18,RADIO-7
2047-03-15 00:49:10,55.84,72.04,68.59,66.01,57.92,64.07,57.13,65.43,55.33,RADIO-7
2047-03-15 01:49:00,75.44,66.13,70.41,61.4,65.86,56.73,54.13,49.53,,RADIO-7
2047-03-15 00:43:40,40.55,58.75,,59.96,57.99,59.05,52.91,64.78,63.18,RADIO-7
2047-03-15 02:26:30,67.13,57.3,63.32,66.32,57.01,50.24,68.01,58.16,62.36,RADIO-7
2047-03-15 00:50:00,55.03,64.67,62.32,56.66,66.17,58.67,109.0,69.55,65.61,RADIO-7
2047-03-15 00:28:40,59.54,51.77,58.2,55.31,53.95,57.71,57.64,62.46,51.45,RADIO-7
2047-03-15 03:16:50,68.35,54.26,67.99,61.75,69.74,57.85,61.84,51.54,50.21,RADIO-7
2047-03-15 01:37:50,54.9,55.49,60.56,55.7,50.92,58.44,56.17,,53.5,RADIO-7
CORRUPTED_TS_6111,78.47,65.99,61.75,57.67,55.34,58.54,55.79,63.4,62.15,RADIO-7
2047-03-15 02:40:10,67.97,61.48,49.88,70.31,63.1,61.39,,68.48,63.67,RADIO-7
2047-03-15 00:10:50,,,65.32,52.45,49.89,58.36,56.06,57.71,67.65,RADIO-7
2047-03-15 02:10:50,66.48,63.08,67.98,57.57,55.66,57.47,54.96,59.6,59.19,RADIO-7
2047-03-15 01:19:20,,67.3,54.38,57.82,51.18,66.22,58.71,58.34,56.06,RADIO-7
2047-03-15 03:08:10,61.97,65.09,53.69,60.12,62.42,,59.25,59.09,53.35,
2047-03-15 02:38:50,68.66,61.38,60.46,54.2,51.86,55.99,50.88,61.01,51.23,RADIO-7
2047-03-15 01:05:00,54.61,53.57,63.57,49.86,56.19,48.35,54.92,47.31,68.6,RADIO-7
2047-03-15 02:01:00,60.11,44.82,48.54,56.43,66.71,55.15,54.56,63.43,60.83,RADIO-7
2047-03-15 01:49:50,59.13,61.56,57.63,54.67,58.78,61.79,63.27,,59.8,RADIO-7
2047-03-15 03:18:20,60.63,48.92,66.41,58.41,63.23,60.95,62.38,65.26,58.45,RADIO-7
2047-03-15 02:21:40,56.26,64.95,63.62,57.03,58.94,53.28,108.0,55.16,62.73,RADIO-7
2047-03-15 03:00:40,62.29,57.21,53.94,53.78,51.13,58.15,53.98,51.05,50.54,RADIO-7
2047-03-15 02:29:20,59.13,64.02,70.06,55.17,57.6,55.68,66.92,55.44,51.08,RADIO-7
2047-03-15 01:20:50,51.47,67.13,57.13,58.65,62.49,74.99,65.41,62.57,61.05,RADIO-7
2047-03-15 03:18:50,61.92,56.1,51.12,61.59,63.11,65.95,57.92,66.82,62.65,RADIO-7
2047-03-15 02:37:20,71.08,58.66,54.21,62.22,49.39,49.23,66.51,60.19,58.4,RADIO-7
2047-03-15 01:47:40,43.82,,66.95,60.99,51.9,63.32,54.65,67.67,52.01,RADIO-7
2047-03-15 00:24:00,61.56,65.7,74.56,54.03,70.49,63.54,,60.36,63.43,RADIO-7
2047-03-15 00:35:30,63.91,72.99,59.96,60.59,58.57,52.17,62.4,59.13,66.72,RADIO-7
2047-03-15 02:03:40,56.25,61.61,59.41,71.69,67.34,50.59,51.34,61.49,56.09,RADIO-7
2047-03-15 01:50:20,59.8,64.76,59.44,64.56,66.54,65.19,51.5,62.4,63.55,RADIO-7
2047-03-15 01:51:10,69.02,66.76,60.11,48.03,61.5,58.71,64.86,63.44,59.25,RADIO-7
2047-03-15 00:48:40,56.46,,59.76,55.2,51.65,63.03,56.38,63.18,57.82,RADIO-7
2047-03-15 01:45:00,49.85,64.25,45.07,50.57,55.88,50.59,58.84,59.93,65.73,RADIO-7
2047-03-15 01:44:30,59.25,68.47,62.7,62.52,59.88,68.73,,66.43,60.52,RADIO-7
2047-03-15 02:38:30,62.11,69.97,57.95,65.04,52.6,67.03,56.73,,,RADIO-7
2047-03-15 00:42:10,66.19,75.61,66.18,53.36,58.37,61.81,66.13,59.17,56.15,RADIO-7
2047-03-15 00:45:20,66.98,59.2,61.56,53.42,63.66,59.45,52.58,59.6,58.08,RADIO-7
2047-03-15 01:29:50,56.54,70.26,,60.03,64.62,53.86,63.69,59.08,52.22,RADIO-7
2047-03-15 02:22:50,62.83,65.25,55.73,52.13,59.73,58.24,58.27,53.42,75.79,RADIO-7
2047-03-15 02:08:30,56.63,42.36,63.65,56.72,56.8,60.2,63.87,60.27,58.66,RADIO-7
2047-03-15 01:26:30,64.51,57.39,67.78,53.76,63.24,62.04,52.59,64.96,53.26,RADIO-7
2047-03-15 02:05:40,54.3,56.43,53.77,62.43,59.62,48.35,68.11,58.23,64.17,RADIO-7
CORRUPTED_TS_4249,58.56,55.14,59.66,57.25,60.8,56.9,67.02,,59.44,RADIO-7
2047-03-15 00:04:10,60.67,59.22,63.09,54.31,61.45,60.7,53.28,59.8,55.92,RADIO-7
2047-03-15 00:27:50,71.38,54.4,63.91,67.82,,59.08,57.18,63.16,60.38,RADIO-7
2047-03-15 00:46:11,56.4,62.52,50.61,61.46,66.22,58.9,61.17,62.67,51.83,RADIO-7
2047-03-15 02:16:30,66.39,52.56,64.33,46.69,59.08,56.74,65.87,57.52,60.06,RADIO-7
2047-03-15 01:06:50,56.4,68.25,76.16,59.81,56.94,55.12,56.95,53.08,58.17,RADIO-7
2047-03-15 01:07:10,60.28,55.2,53.98,62.84,64.62,63.03,,63.81,60.66,RADIO-7
2047-03-15 01:33:40,65.23,60.45,56.83,58.39,60.37,58.84,53.84,61.54,,RADIO-7
2047-03-15 01:02:40,65.23,50.31,58.46,63.04,52.19,62.15,47.08,57.94,70.05,RADIO-7
2047-03-15 03:19:00,50.44,59.5,67.56,59.1,65.18,64.48,54.98,60.62,65.12,RADIO-7
2047-03-15 01:28:10,54.57,71.03,65.91,69.94,49.52,55.19,61.13,60.76,53.1,RADIO-7
2047-03-15 00:47:50,63.53,49.44,50.79,,63.03,64.19,62.77,68.28,57.99,RADIO-7
2047-03-15 00:49:00,62.14,69.25,62.13,57.64,59.31,52.85,53.64,59.79,59.18,RADIO-7
2047-03-15 01:39:20,58.38,58.09,61.55,66.58,61.44,56.97,51.96,67.13,61.64,RADIO-7
2047-03-15 01:44:10,56.93,62.65,57.67,63.12,63.94,47.7,66.99,64.17,65.55,RADIO-7
2047-03-15 00:38:50,56.09,56.5,61.87,51.46,63.23,45.07,54.45,66.88,57.88,RADIO-7
2047-03-15 00:33:30,63.36,63.22,63.72,,57.28,53.42,63.44,55.43,63.02,RADIO-7
2047-03-15 00:16:50,57.48,65.95,65.81,68.72,53.89,61.38,56.91,57.29,62.68,RADIO-7
2047-03-15 01:51:20,44.09,53.45,61.35,53.27,58.04,62.31,53.07,68.95,59.11,RADIO-7
2047-03-15 01:24:00,56.1,62.46,50.9,59.62,,66.39,55.43,57.46,54.85,RADIO-7
2047-03-15 01:03:00,73.14,55.59,59.63,63.41,59.25,65.44,56.63,66.94,53.92,RADIO-7
2047-03-15 01:43:00,62.89,58.73,57.29,61.95,56.58,51.37,57.31,58.83,67.12,RADIO-7
2047-03-15 01:14:51,53.64,,56.77,62.36,62.54,62.02,53.65,64.01,62.6,RADIO-7
2047-03-15 02:46:00,70.79,62.56,63.03,58.33,,64.61,63.86,63.82,63.13,RADIO-7
2047-03-15 00:50:40,59.87,58.98,61.5,69.69,62.4,48.32,56.13,70.47,65.82,RADIO-7
2047-03-15 03:00:50,62.58,62.77,56.91,63.99,70.03,47.37,,67.77,54.9,RADIO-7
2047-03-15 03:15:00,64.55,59.06,58.22,60.09,65.85,57.1,57.68,57.74,67.42,RADIO-7
2047-03-15 02:26:20,59.9,59.16,60.48,51.63,62.16,58.2,62.15,57.22,71.4,RADIO-7
2047-03-15 01:20:10,54.27,59.85,47.28,55.81,,47.83,55.17,,52.15,RADIO-7
2047-03-15 01:26:40,49.98,63.08,55.69,56.35,61.34,57.91,58.97,70.1,75.02,RADIO-7
2047-03-15 01:36:20,51.13,57.42,63.26,70.88,63.65,61.52,58.63,63.75,69.05,RADIO-7
2047-03-15 02:12:00,61.63,67.13,73.69,61.95,55.48,65.34,69.83,63.71,66.54,RADIO-7
2047-03-15 01:49:30,59.86,58.5,61.23,68.55,58.33,69.22,54.68,59.31,58.43,RADIO-7
2047-03-15 03:14:00,66.14,56.22,65.75,54.03,68.21,55.55,65.27,62.82,69.34,RADIO-7
2047-03-15 00:51:10,56.45,65.73,60.14,51.56,60.28,65.14,55.35,62.45,73.94,RADIO-7
2047-03-15 00:08:00,62.06,61.4,55.3,64.7,56.63,152.89,,55.28,61.89,RADIO-7
2047-03-15 01:15:00,59.62,63.48,56.71,55.57,54.21,58.36,116.0,71.21,49.37,RADIO-7
2047-03-15 01:44:00,69.56,61.01,48.78,51.76,58.93,56.07,65.78,60.28,67.65,RADIO-7
2047-03-15 02:39:30,62.74,58.09,47.23,62.16,58.01,70.84,53.78,64.49,58.4,RADIO-7
2047-03-15 02:49:20,56.09,57.38,65.04,66.88,55.11,59.79,68.91,70.4,62.24,RADIO-7
2047-03-15 02:45:50,58.31,56.03,,60.95,59.36,58.21,65.99,64.21,63.13,RADIO-7
2047-03-15 03:07:10,53.14,70.05,69.77,58.18,60.49,59.73,69.85,73.03,60.43,RADIO-7
2047-03-15 02:46:40,68.4,70.83,,58.7,61.77,,100.0,64.29,67.13,RADIO-7
2047-03-15 02:32:10,69.46,53.99,53.91,54.39,62.39,66.98,52.39,59.48,,RADIO-7
2047-03-15 01:23:20,65.56,62.1,59.73,51.13,58.75,,111.0,59.3,68.43,RADIO-7
2047-03-15 02:40:50,68.64,53.91,71.72,56.58,58.09,63.22,77.96,51.13,51.35,RADIO-7
2047-03-15 02:49:50,62.54,58.52,56.81,59.37,58.41,60.33,52.13,58.5,48.66,RADIO-7
2047-03-15 00:05:00,56.39,56.66,63.39,,65.21,50.2,53.77,55.4,72.03,RADIO-7
2047-03-15 00:00:30,69.14,63.26,58.37,60.13,55.75,56.71,,58.98,57.72,RADIO-7
2047-03-15 00:58:20,61.87,,70.53,63.09,73.65,76.68,101.0,65.29,65.21,RADIO-7
2047-03-15 00:37:30,66.53,48.2,54.83,67.03,52.59,58.03,,61.27,50.8,RADIO-7
2047-03-15 00:22:40,55.3,56.32,65.85,57.25,60.02,66.54,59.78,63.83,62.51,RADIO-7
2047-03-15 01:26:01,63.01,61.99,58.95,58.54,50.94,70.15,55.72,70.58,62.67,RADIO-7
2047-03-15 00:39:20,47.85,58.51,61.14,67.43,73.11,,55.36,67.65,66.15,RADIO-7
2047-03-15 01:30:20,63.18,,,62.29,49.79,49.49,56.21,59.13,56.31,RADIO-7
2047-03-15 02:18:40,53.98,62.86,53.57,,60.91,53.09,,60.41,61.89,RADIO-7
2047-03-15 01:23:10,51.7,61.08,61.72,60.43,61.67,57.85,65.1,,56.5,RADIO-7
2047-03-15 00:57:00,61.47,69.97,60.26,56.42,66.2,59.14,64.77,60.79,72.13,RADIO-7
2047-03-15 00:12:50,58.21,62.36,68.72,59.1,62.59,54.63,59.6,50.69,69.54,RADIO-7
2047-03-15 00:03:40,60.41,63.8,58.62,48.13,54.93,74.95,58.78,56.41,61.09,RADIO-7
2047-03-15 02:39:31,62.74,58.09,47.23,62.16,58.01,70.84,53.78,64.49,58.4,RADIO-7
2047-03-15 02:23:30,50.91,59.18,60.28,71.1,54.47,71.08,,,54.06,RADIO-7
2047-03-15 02:24:20,61.72,45.37,,65.1,,66.57,66.99,58.52,55.08,RADIO-7
2047-03-15 02:53:10,66.28,64.12,,43.01,56.45,55.3,54.21,59.38,59.83,RADIO-7
2047-03-15 01:54:41,64.27,57.16,48.29,69.05,55.73,49.47,63.51,59.21,56.48,RADIO-7
2047-03-15 01:58:40,56.73,63.83,58.19,62.97,63.83,68.61,58.73,66.37,56.6,
2047-03-15 02:13:40,60.58,55.25,61.33,54.72,58.72,45.9,58.97,57.06,67.19,RADIO-7
2047-03-15 01:46:40,57.99,59.23,63.66,48.95,56.39,53.41,59.62,61.3,70.11,RADIO-7
2047-03-15 01:59:40,57.82,58.99,66.29,60.93,52.56,70.47,55.87,59.5,66.8,RADIO-7
2047-03-15 02:32:00,61.5,60.25,72.52,56.47,65.14,55.88,49.46,66.47,59.43,RADIO-7
2047-03-15 02:55:00,56.25,59.23,57.13,58.51,61.46,65.81,101.0,58.96,58.68,RADIO-7
2047-03-15 00:50:50,60.7,57.28,66.27,58.07,61.21,,46.55,63.98,52.45,RADIO-7
2047-03-15 02:49:00,70.42,57.18,56.7,60.34,45.39,58.15,56.96,52.65,61.09,RADIO-7
2047-03-15 02:13:00,60.17,59.02,57.77,66.48,60.68,58.31,,45.08,,RADIO-7
2047-03-15 00:23:20,61.36,60.96,55.74,55.71,,,56.4,58.08,55.12,RADIO-7
2047-03-15 02:35:20,51.31,64.04,69.54,63.13,66.14,61.48,61.69,,57.39,RADIO-7
2047-03-15 01:55:50,58.14,57.78,67.68,50.84,52.35,53.52,56.71,60.93,58.37,RADIO-7
2047-03-15 01:12:40,69.77,54.27,71.42,63.1,,51.93,53.41,56.72,58.17,RADIO-7
2047-03-15 02:52:20,,52.73,73.63,55.92,61.11,69.63,66.34,69.26,61.86,RADIO-7
2047-03-15 01:04:50,56.54,60.52,61.09,,70.39,64.53,61.02,55.74,55.38,RADIO-7
2047-03-15 00:58:30,68.85,58.78,69.44,54.99,54.89,53.77,71.5,63.24,61.36,RADIO-7
CORRUPTED_TS_6934,59.89,65.48,61.17,59.44,60.82,72.87,67.88,,62.35,RADIO-7
2047-03-15 01:55:30,63.7,59.34,62.52,58.75,72.5,62.8,,67.69,58.95,RADIO-7
2047-03-15 02:09:20,55.64,66.74,51.2,,55.99,65.23,54.07,,65.76,RADIO-7
2047-03-15 00:25:20,55.92,63.25,71.23,67.52,64.74,55.36,56.98,63.16,53.55,RADIO-7
2047-03-15 00:34:30,63.08,69.01,46.77,48.19,62.93,60.78,64.2,70.51,65.86,RADIO-7
2047-03-15 01:06:00,49.72,63.71,63.44,47.53,66.18,60.7,,56.92,48.01,RADIO-7
2047-03-15 00:40:50,57.99,56.09,55.29,64.97,,62.99,69.02,48.18,58.57,RADIO-7
2047-03-15 02:51:50,49.99,64.74,68.08,56.76,59.28,56.81,48.91,55.02,60.63,RADIO-7
2047-03-15 02:55:10,62.37,69.07,52.47,63.76,57.18,62.39,53.66,62.49,61.41,RADIO-7
2047-03-15 02:14:10,58.14,61.28,55.94,65.08,61.32,59.24,63.42,49.77,66.27,RADIO-7
2047-03-15 00:03:00,54.55,54.99,62.34,67.17,63.77,59.12,53.31,56.7,66.16,RADIO-7
2047-03-15 02:37:40,50.85,,58.29,59.4,57.7,48.97,63.77,61.99,62.13,RADIO-7
2047-03-15 02:33:00,57.32,44.63,66.73,,63.34,70.51,58.61,57.22,50.64,RADIO-7
CORRUPTED_TS_7071,64.98,55.55,65.47,58.95,62.59,60.95,64.89,64.9,56.03,RADIO-7
2047-03-15 03:11:40,54.05,66.36,56.81,66.62,60.82,64.12,50.96,62.16,61.95,RADIO-7
2047-03-15 02:28:30,63.04,61.8,45.07,54.25,49.52,81.17,65.08,62.02,60.51,RADIO-7
2047-03-15 02:41:10,70.81,52.45,61.07,52.62,59.52,59.54,64.34,68.01,63.94,RADIO-7
2047-03-15 01:20:00,59.23,62.42,46.57,63.8,56.15,64.16,63.2,47.06,,RADIO-7
2047-03-15 03:18:10,54.19,66.21,57.62,58.98,57.64,47.85,52.48,64.79,57.27,RADIO-7
2047-03-15 02:49:40,58.08,72.6,52.24,59.9,52.5,67.74,58.68,60.65,67.69,RADIO-7
2047-03-15 01:09:10,55.51,79.16,64.88,56.53,63.03,55.92,53.52,60.39,60.25,RADIO-7
2047-03-15 01:25:20,58.57,46.96,55.61,69.35,55.17,55.43,58.52,58.66,55.97,RADIO-7
2047-03-15 01:21:20,70.12,61.7,57.69,66.84,,62.41,58.6,59.59,64.62,RADIO-7
2047-03-15 00:44:50,60.78,62.67,63.75,65.98,61.74,62.96,63.73,64.79,58.13,radio_7
2047-03-15 00:54:10,52.71,66.53,60.02,57.98,55.9,51.52,55.26,57.74,,RADIO-7
2047-03-15 02:27:40,63.5,56.95,58.02,62.52,67.53,51.14,48.09,62.57,58.55,RADIO-7
2047-03-15 00:16:30,58.59,61.93,62.04,58.66,63.62,55.69,66.73,66.39,51.06,N/A
2047-03-15 02:54:40,68.86,58.87,57.67,50.3,54.47,52.37,80.26,57.71,57.82,RADIO-7
2047-03-15 00:37:20,57.17,,62.46,55.98,73.66,63.12,49.24,66.13,58.94,RADIO-7
2047-03-15 01:51:50,47.56,58.71,70.22,56.86,62.29,56.01,71.42,56.88,57.66,RADIO-7
2047-03-15 02:00:10,49.74,64.49,56.33,59.36,56.03,66.52,,51.47,63.59,RADIO-7
2047-03-15 00:18:50,74.78,63.35,58.47,47.2,60.95,54.76,48.32,62.88,58.01,RADIO-7
2047-03-15 01:52:10,57.77,64.68,69.79,53.52,57.13,60.75,54.59,68.94,65.64,RADIO-7
2047-03-15 01:35:00,60.11,60.26,48.53,,52.55,59.2,65.35,57.65,70.62,RADIO-7
2047-03-15 00:02:40,53.92,55.96,63.31,54.09,67.92,,56.45,59.61,66.09,RADIO-7
2047-03-15 00:17:00,57.94,58.95,58.01,54.5,,53.2,57.26,,63.52,RADIO-7
2047-03-15 02:10:40,63.36,65.72,55.32,56.36,67.01,64.11,61.43,58.97,,RADIO-7
CORRUPTED_TS_9728,64.53,59.46,71.09,57.76,58.44,55.78,64.01,62.6,60.74,
2047-03-15 01:10:50,68.21,66.48,70.22,58.09,53.56,63.06,65.07,51.8,68.87,RADI0-7
2047-03-15 02:40:31,64.25,66.84,51.87,61.32,51.57,57.95,59.87,60.84,59.09,RADIO-7
2047-03-15 00:08:20,61.94,61.99,54.5,62.45,44.25,68.26,116.0,,66.74,RADIO-7
2047-03-15 00:21:50,60.41,67.31,,55.03,46.85,56.72,64.35,51.34,,RADIO-7
2047-03-15 02:59:00,65.98,53.48,55.7,64.94,67.63,64.39,53.26,47.24,51.14,RADIO-7
2047-03-15 00:44:20,69.79,70.02,65.09,61.92,60.19,60.44,58.06,54.11,61.93,RADIO-7
2047-03-15 02:37:10,59.4,61.46,67.38,56.41,51.21,65.76,57.21,62.67,43.14,RADIO-7
2047-03-15 02:04:10,55.65,57.78,62.82,60.16,49.97,54.47,54.35,49.77,55.96,RADIO-7
2047-03-15 02:43:20,64.71,58.86,72.99,61.26,52.6,52.11,40.55,59.99,53.47,RADIO-7
2047-03-15 00:26:20,52.85,51.13,61.97,61.66,59.69,60.55,52.85,59.44,,RADIO-7
2047-03-15 02:48:00,66.3,58.12,58.67,64.12,76.22,68.08,53.53,57.66,66.81,RADIO-7
2047-03-15 00:03:20,68.79,52.87,66.28,51.76,59.05,61.5,66.64,61.72,62.17,RADIO-7
2047-03-15 03:03:10,62.08,,57.86,57.19,66.55,51.56,66.2,69.99,47.49,RADIO-7
2047-03-15 02:58:50,52.3,60.2,53.64,53.67,54.54,67.08,57.67,56.95,54.48,RADIO-7
2047-03-15 02:51:10,60.72,56.4,68.31,55.6,60.21,53.24,73.11,56.33,55.72,RADIO-7
2047-03-15 00:58:50,59.04,55.04,59.09,63.42,56.82,64.41,53.08,57.75,54.24,RADIO-7
2047-03-15 00:50:10,56.64,56.69,66.55,59.22,63.01,51.35,60.73,,62.22,RADIO-7
2047-03-15 02:20:00,59.7,55.83,60.07,51.86,64.72,56.18,,64.69,58.09,RADIO-7
2047-03-15 02:17:20,57.33,41.88,61.7,,70.3,64.5,41.17,51.03,54.27,RADIO-7
2047-03-15 03:04:01,66.65,71.97,,,54.64,63.8,64.99,71.09,63.53,RADIO-7
2047-03-15 01:32:00,67.01,,62.8,60.52,61.01,62.38,64.86,54.37,57.26,RADIO-7
2047-03-15 01:29:00,56.09,64.8,65.26,59.34,,55.89,60.71,63.76,53.69,RADIO-7
2047-03-15 01:07:50,,69.75,,56.22,56.96,61.84,56.18,,55.31,RADIO-7
2047-03-15 01:58:50,62.39,63.01,52.74,62.3,61.55,61.71,63.25,58.06,64.87,RADIO-7
2047-03-15 01:37:40,57.24,58.14,59.26,74.09,68.11,68.59,60.64,55.93,52.34,RADIO-7
2047-03-15 01:42:40,60.66,47.09,50.88,71.14,57.71,66.54,56.53,,65.38,RADIO-7
2047-03-15 02:02:20,66.17,75.87,60.25,62.84,59.04,63.69,58.86,50.86,61.2,RADIO-7
2047-03-15 00:53:10,59.22,71.12,60.74,59.64,64.9,59.36,64.02,55.2,60.57,RADIO-7
2047-03-15 00:03:50,51.45,,59.74,60.28,59.92,58.35,78.71,54.79,65.35,RADIO-7
2047-03-15 02:43:30,62.55,57.86,67.14,54.09,55.89,67.86,61.78,53.6,76.81,RADIO-7
2047-03-15 00:31:20,54.92,60.19,55.2,61.09,61.16,59.86,62.63,55.8,50.61,RADIO-7
2047-03-15 02:51:40,58.46,55.89,62.8,50.73,58.58,51.82,60.04,65.18,67.29,RADIO-7
2047-03-15 01:08:00,60.72,61.94,65.49,57.07,53.84,57.37,57.75,62.92,54.91,RADIO-7
2047-03-15 03:12:20,69.85,67.27,48.96,56.79,63.19,57.69,73.16,57.42,56.52,RADIO-7
2047-03-15 02:56:50,42.91,62.43,71.38,58.3,67.37,63.59,70.31,59.76,61.47,RADIO-7
2047-03-15 00:01:10,64.6,56.02,64.98,66.49,63.91,,68.94,49.76,62.61,RADIO-7
2047-03-15 02:28:10,66.65,68.71,58.27,60.01,58.99,59.42,56.87,65.35,55.36,RADIO-7
2047-03-15 03:18:00,63.3,65.34,67.44,47.46,62.61,58.3,56.46,47.65,49.55,RADIO-7
2047-03-15 02:34:10,50.86,63.28,62.85,66.87,52.71,52.07,65.31,62.17,59.48,RADIO-7
2047-03-15 00:35:50,64.55,65.57,64.01,49.24,56.93,50.15,49.42,54.13,61.23,RADIO-7
2047-03-15 00:18:10,59.55,62.85,52.07,60.24,55.06,55.64,54.17,63.56,53.55,RADIO-7
2047-03-15 00:36:30,60.49,63.05,68.73,52.9,62.39,,58.51,69.51,66.65,RADIO-7
2047-03-15 01:02:00,68.71,61.76,58.94,62.09,57.51,66.71,,55.27,65.07,RADIO-7
2047-03-15 01:20:30,61.22,61.95,62.75,48.53,63.6,58.13,69.25,57.68,69.4,RADIO-7
2047-03-15 00:33:50,66.32,64.31,52.86,60.96,58.02,71.2,58.9,62.51,53.91,RADIO-7
2047-03-15 01:36:50,57.51,59.5,67.63,56.94,56.28,61.47,,,61.34,RADIO-7
2047-03-15 03:19:30,63.31,,66.04,48.3,52.7,59.37,61.01,59.77,57.1,RADIO-7
2047-03-15 00:04:30,62.25,59.12,59.63,64.58,64.79,50.96,59.7,54.57,74.41,RADIO-7
2047-03-15 00:38:20,55.62,61.84,61.78,58.78,52.58,61.75,60.24,52.03,53.89,RADIO-7
2047-03-15 00:59:30,58.27,55.18,55.45,58.56,77.51,50.73,59.91,61.76,53.79,RADIO-7
2047-03-15 00:08:40,55.94,48.04,59.6,62.67,63.19,57.82,66.34,54.69,61.16,RADIO-7
2047-03-15 02:41:20,59.76,58.6,62.4,,61.23,59.65,55.48,65.85,57.12,RADIO-7
2047-03-15 02:57:30,53.28,67.16,51.98,59.05,56.4,54.37,58.83,52.5,59.95,RADIO-7
CORRUPTED_TS_1672,57.43,53.11,47.37,66.63,62.28,72.36,64.69,69.54,61.07,RADIO-7
2047-03-15 00:12:20,44.28,67.28,61.82,59.61,56.35,70.24,68.62,62.87,63.75,RADIO-7
2047-03-15 01:16:00,59.36,61.01,55.69,68.77,57.53,52.91,69.12,61.25,58.66,RADIO-7
2047-03-15 00:07:40,57.24,60.2,61.77,61.55,46.93,60.01,59.29,63.99,63.01,RADIO-7
2047-03-15 00:32:40,54.7,51.92,56.36,59.01,64.27,51.42,68.33,57.38,59.69,RADIO-7
2047-03-15 01:37:10,73.62,64.56,61.73,56.49,70.11,,75.64,64.96,63.71,RADIO-7
2047-03-15 01:27:50,60.29,64.85,61.29,70.79,61.31,59.75,50.3,58.2,43.67,RADIO-7
2047-03-15 01:58:30,59.42,73.39,58.3,49.53,64.37,68.57,63.39,63.24,56.87,RADIO-7
2047-03-15 00:21:00,54.06,54.36,62.52,62.98,57.31,67.03,67.07,58.06,60.01,RADIO-7
2047-03-15 01:51:00,58.47,66.2,70.53,61.75,61.76,52.48,65.16,54.62,57.44,RADIO-7
2047-03-15 01:47:30,58.36,53.83,47.7,50.74,58.67,70.79,,51.09,56.88,RADIO-7
2047-03-15 00:10:40,64.88,61.02,65.21,,59.54,61.08,59.12,65.93,56.45,RADIO-7
2047-03-15 01:00:50,57.59,58.31,,62.18,65.84,70.72,49.67,57.27,63.01,RADIO-7
2047-03-15 02:35:50,56.99,56.56,51.95,56.17,58.31,62.88,59.27,58.88,52.72,RADIO-7
2047-03-15 03:08:50,62.72,,52.57,62.84,46.12,,64.27,56.42,56.77,RADIO-7
2047-03-15 02:38:20,58.55,58.94,56.88,68.36,59.73,52.01,97.0,61.95,55.86,RADIO-7
2047-03-15 01:57:20,,59.36,55.62,52.16,57.1,58.5,66.68,54.06,61.43,RADIO-7
2047-03-15 01:38:00,64.98,61.92,53.22,57.5,52.02,54.72,59.65,69.15,61.4,RADIO-7
2047-03-15 02:53:30,57.25,63.51,56.32,60.77,52.82,57.52,59.94,58.49,56.4,RADIO-7
2047-03-15 01:01:30,55.36,56.83,58.82,67.74,53.23,57.44,,64.68,55.63,RADIO-7
2047-03-15 03:01:20,58.45,56.41,54.45,51.34,46.4,60.32,56.2,57.12,67.27,RADIO-7
2047-03-15 00:10:20,53.36,63.23,62.89,62.24,55.88,57.81,62.32,62.75,57.93,RADIO-7
2047-03-15 00:36:20,57.09,69.17,62.74,57.61,60.93,58.41,59.88,,53.46,RADIO-7
CORRUPTED_TS_2729,58.9,54.48,64.44,,56.33,67.18,63.6,60.39,52.11,RADIO-7
2047-03-15 03:08:00,59.62,64.17,49.01,69.56,67.09,61.16,60.34,61.05,46.25,RADIO-7
2047-03-15 02:23:10,,61.16,68.62,63.97,55.97,65.39,54.05,58.49,70.07,RADIO-7
2047-03-15 00:45:50,62.77,63.89,48.22,67.15,60.6,,70.38,65.41,59.87,RADIO-7
2047-03-15 02:06:10,61.11,78.83,60.66,58.06,66.29,62.95,72.95,63.44,48.05,RADIO-7
2047-03-15 02:39:00,59.51,52.44,56.44,59.52,58.83,54.01,65.56,47.03,,RADIO-7
2047-03-15 01:40:00,,71.41,48.55,61.46,52.87,52.26,121.0,64.59,61.75,RADIO-7
2047-03-15 01:15:30,63.02,57.88,61.32,61.17,51.1,56.29,62.9,47.99,53.42,RADIO-7
CORRUPTED_TS_9031,56.82,62.03,67.31,53.88,55.09,50.96,66.5,59.1,53.37,RADIO-7
2047-03-15 01:57:10,51.55,62.22,66.42,64.22,51.71,51.6,52.96,68.27,54.21,RADIO-7
2047-03-15 00:39:10,63.8,61.7,66.43,57.61,74.37,65.82,61.76,52.99,66.33,RADIO-7
2047-03-15 03:05:10,61.3,70.77,54.74,63.56,59.48,60.98,76.19,53.88,,RADIO-7
2047-03-15 01:33:10,57.47,67.89,53.36,60.51,58.35,68.41,52.21,58.2,67.27,RADIO-7
2047-03-15 02:58:20,59.72,62.09,59.45,63.91,,67.23,51.14,62.47,64.68,RADIO-7
2047-03-15 01:19:00,69.87,69.69,59.81,57.32,57.54,49.02,54.97,62.78,65.51,RADIO-7
2047-03-15 01:03:50,56.85,60.37,53.75,53.26,62.21,59.24,68.19,53.01,61.46,RADIO-7
2047-03-15 00:16:40,51.51,55.99,63.42,66.39,57.65,56.47,97.0,75.03,58.52,RADIO-7
2047-03-15 02:27:10,66.26,46.22,65.26,63.32,60.29,58.87,64.67,64.21,63.67,RADIO-7
2047-03-15 00:30:20,53.57,72.94,59.68,53.74,61.72,49.62,58.12,50.28,53.34,RADIO-7
2047-03-15 00:55:20,60.45,61.94,63.38,65.33,62.36,57.34,,61.76,63.94,RADIO-7
2047-03-15 01:59:50,59.66,57.17,69.93,57.98,50.98,65.16,62.81,68.26,72.36,RADIO-7
2047-03-15 02:08:20,64.25,63.56,54.33,49.55,59.98,59.81,69.58,53.41,55.35,RADIO-7
2047-03-15 02:07:40,59.79,58.82,57.66,56.85,66.53,72.81,66.18,52.48,53.91,RADIO-7
2047-03-15 03:14:40,63.57,53.3,61.35,66.18,62.03,66.51,,72.94,64.77,RADIO-7
2047-03-15 03:10:20,59.1,62.95,65.28,60.01,60.01,60.21,75.5,64.7,55.04,RADIO-7
2047-03-15 00:43:00,62.66,160.16,61.03,55.66,59.17,53.98,56.3,60.41,63.33,RADIO-7
2047-03-15 00:23:00,64.88,57.67,52.53,,65.9,60.26,60.11,61.99,65.54,RADIO-7
2047-03-15 02:13:10,60.18,55.53,62.62,,62.75,67.38,72.47,57.25,48.78,RADIO-7
2047-03-15 02:30:40,61.15,52.86,66.6,58.72,57.94,,53.06,,60.14,RADIO-7
2047-03-15 01:30:10,,58.99,57.2,69.83,62.57,,59.16,71.05,64.52,RADIO-7
2047-03-15 01:04:20,62.05,61.06,55.38,63.32,57.79,59.85,53.76,63.78,57.77,RADIO-7
2047-03-15 02:24:10,,56.5,71.65,53.06,51.38,66.18,60.54,64.04,55.75,RADIO-7
2047-03-15 03:07:30,53.12,64.01,,40.98,54.84,48.4,69.98,55.08,55.75,radio_7
2047-03-15 01:39:00,66.23,61.28,54.29,45.68,51.53,48.96,60.44,59.88,57.99,RADIO-7
2047-03-15 00:06:40,64.43,57.73,70.5,57.02,55.16,65.72,64.13,55.23,,RADIO-7
2047-03-15 02:46:10,63.85,60.11,68.93,67.75,58.45,56.84,72.46,57.15,65.31,RADIO-7
2047-03-15 02:30:30,67.67,66.75,53.85,62.48,56.38,57.2,48.75,49.39,60.45,RADIO-7
2047-03-15 00:12:00,59.79,53.45,55.28,130.81,52.53,61.11,65.43,56.05,53.84,RADIO-7
2047-03-15 01:24:50,55.01,54.15,67.54,,54.13,68.55,54.73,64.11,67.88,RADIO-7
2047-03-15 01:34:10,57.55,54.94,58.45,64.76,51.02,64.24,59.82,50.73,63.01,RADIO-7
2047-03-15 02:45:30,55.91,51.82,59.55,46.97,60.84,66.44,60.55,59.81,65.01,RADIO-7
2047-03-15 00:14:00,55.15,55.28,56.7,63.62,63.79,59.43,67.5,71.9,55.32,RADIO-7
2047-03-15 00:05:20,59.92,59.47,59.86,58.58,63.53,63.01,61.47,56.18,58.21,RADIO-7
2047-03-15 00:51:20,63.28,60.53,57.89,63.52,53.56,59.59,55.2,68.49,,RADIO-7
2047-03-15 02:25:40,59.8,56.29,54.5,65.07,52.09,51.92,47.57,56.09,62.18,RADIO7
2047-03-15 02:29:40,67.24,50.68,53.08,46.98,59.37,59.75,62.61,60.78,67.48,RADIO-7
2047-03-15 02:06:00,62.96,47.19,52.58,61.36,60.45,,59.75,61.88,63.13,RADIO-7
2047-03-15 03:09:30,52.63,60.3,55.13,60.2,50.52,56.33,51.88,66.11,54.13,RADIO-7
2047-03-15 00:31:50,,55.93,57.26,,64.1,53.54,60.47,,62.01,RADIO-7
2047-03-15 01:36:00,61.41,56.33,67.58,59.94,75.43,56.35,66.24,61.84,59.53,RADIO-7
2047-03-15 03:03:20,65.99,66.31,67.08,54.04,59.58,58.68,114.0,58.39,56.65,RADIO-7
2047-03-15 02:47:20,64.19,54.26,62.62,53.45,67.06,64.24,57.61,63.74,61.1,RADIO-7
2047-03-15 01:01:20,60.59,50.62,56.9,72.09,55.4,55.07,67.06,60.31,60.38,RADIO-7
2047-03-15 00:46:10,56.4,62.52,50.61,61.46,66.22,58.9,61.17,62.67,51.83,RADIO-7
2047-03-15 01:35:20,61.96,56.26,51.79,57.09,53.42,72.86,58.26,56.05,63.84,RADIO-7
2047-03-15 01:33:01,62.37,69.67,66.81,56.1,49.16,64.11,51.56,65.72,63.02,RADIO-7
2047-03-15 03:04:40,56.26,63.21,63.13,65.73,70.03,45.8,56.15,57.58,58.9,RADIO-7
2047-03-15 00:11:40,62.17,66.55,66.44,66.18,78.46,63.46,49.69,59.55,61.12,RAD1O-7
2047-03-15 01:40:20,65.22,55.75,57.52,54.09,63.21,65.48,55.22,62.99,62.93,RADIO-7
2047-03-15 01:42:00,61.68,69.67,52.28,64.79,55.41,52.64,60.93,44.87,64.02,N/A
2047-03-15 02:48:20,67.9,,55.95,60.41,66.62,61.75,63.74,59.79,58.78,RADIO-7
2047-03-15 01:41:40,63.93,57.1,59.44,58.46,56.84,64.09,63.46,62.05,58.13,RADIO-7
2047-03-15 03:00:10,57.9,55.93,44.38,56.54,68.35,67.46,68.25,57.39,60.57,RADIO-7 
2047-03-15 02:45:00,61.25,50.41,50.54,56.32,50.25,63.53,63.62,59.28,58.32,RADIO-7
2047-03-15 01:28:40,59.6,59.88,54.66,66.42,61.54,69.24,57.58,60.13,54.87,RADIO-7
2047-03-15 02:33:30,53.84,64.71,54.58,66.45,70.33,56.21,52.92,57.56,,RADIO-7
2047-03-15 00:22:00,53.63,58.72,63.33,47.89,69.21,71.21,74.22,62.88,67.62,RADIO-7
2047-03-15 00:37:00,64.12,57.81,60.5,59.73,58.88,59.48,53.19,58.3,55.16,RADIO-7
2047-03-15 02:22:20,68.52,51.92,62.21,67.61,54.74,60.13,56.77,61.31,54.07,RADIO-7
2047-03-15 00:44:30,51.42,62.37,52.6,69.92,69.65,,57.8,55.88,60.7,RADIO-7
2047-03-15 02:43:50,59.71,68.24,66.16,64.7,72.59,55.97,60.84,53.97,46.69,RADIO-7
2047-03-15 00:13:30,62.14,59.09,70.32,57.64,,,68.21,59.81,51.69,RADIO-7
2047-03-15 01:48:10,64.18,62.56,67.18,59.65,51.56,61.2,58.04,65.38,,RADIO-7
CORRUPTED_TS_5941,55.36,61.6,62.92,62.96,50.81,55.14,62.57,58.78,69.1,RADIO-7
2047-03-15 00:19:10,61.81,52.13,61.97,59.05,61.27,53.81,69.24,61.39,59.6,RADIO-7
2047-03-15 03:06:50,67.12,64.67,45.04,63.11,60.97,54.95,52.06,71.89,48.13,RADIO-7
2047-03-15 01:10:00,72.36,60.68,58.33,73.02,70.71,53.18,55.19,62.28,69.27,RADIO-7
2047-03-15 03:03:50,59.16,,60.31,63.47,66.36,58.21,60.83,53.85,67.63,RADIO-7
2047-03-15 00:34:40,63.09,58.06,65.38,63.93,55.59,59.62,48.75,44.95,47.57,RADIO-7
2047-03-15 00:57:20,57.17,56.39,44.82,57.53,65.45,60.19,66.35,72.31,58.84,RADIO-7
2047-03-15 00:54:50,63.77,53.28,57.09,61.03,60.59,60.67,47.7,58.6,63.29,RADIO-7
2047-03-15 02:58:40,60.46,55.95,60.31,62.88,62.16,51.77,56.81,48.85,54.76,RADIO-7
2047-03-15 00:02:20,49.65,58.23,,64.16,61.84,62.87,60.08,56.53,57.3,RADIO-7
2047-03-15 01:12:20,69.01,57.99,58.54,55.14,61.85,60.81,71.11,64.24,48.14,RADIO-7
2047-03-15 01:22:20,69.14,60.76,63.05,67.41,67.94,53.84,63.71,53.26,59.32,RADIO-7
2047-03-15 01:36:30,66.86,55.85,61.2,57.94,56.66,49.24,54.36,58.66,66.71,RADIO-7
2047-03-15 02:01:40,61.18,52.62,59.46,64.09,67.75,70.09,,67.32,55.35,RADIO-7
2047-03-15 02:29:00,68.29,66.23,52.76,65.14,70.27,55.75,60.25,71.72,55.77,RADIO-7
2047-03-15 02:25:00,58.94,65.79,58.71,61.94,74.98,62.45,65.69,,63.14,RADIO-7
2047-03-15 01:12:50,51.72,62.54,69.76,,67.22,58.31,57.83,,58.12,RADIO-7
2047-03-15 03:16:40,61.08,54.22,72.75,,54.01,61.89,60.61,68.8,52.52,RADIO-7
2047-03-15 02:41:30,51.42,62.8,60.79,60.08,50.26,64.96,59.32,,69.78,RADIO-7
2047-03-15 03:11:50,47.08,63.7,50.59,58.46,60.15,64.45,56.66,60.43,66.6,RADIO-7
2047-03-15 01:27:00,56.02,64.43,58.83,65.75,66.51,57.79,60.99,53.47,64.2,RADIO-7
2047-03-15 00:01:00,69.48,55.79,,55.32,55.57,58.07,61.69,72.31,43.19,RADIO-7
2047-03-15 01:57:50,70.53,53.24,63.43,64.39,44.81,60.19,58.33,62.69,62.32,RADIO-7
2047-03-15 02:54:30,50.54,52.02,55.17,59.79,54.03,59.44,57.6,56.68,62.01,RADIO-7
2047-03-15 01:01:10,60.08,63.1,62.73,48.66,59.1,46.19,52.65,61.12,59.94,RADIO-7
2047-03-15 03:17:10,50.58,59.71,52.66,54.13,62.36,54.41,67.46,61.62,64.85,RADIO-7
2047-03-15 01:36:40,62.03,51.56,61.58,61.67,56.48,58.27,57.68,58.16,51.48,RADIO-7
2047-03-15 02:55:30,61.56,59.93,56.64,63.74,54.13,61.95,53.85,61.38,50.01,RADIO-7
2047-03-15 01:02:30,55.4,59.79,58.29,,70.81,66.59,51.6,51.74,56.75,RADIO-7
2047-03-15 01:43:50,68.07,56.1,66.92,67.07,59.45,59.77,61.7,65.29,62.58,RADIO-7
2047-03-15 00:04:20,53.09,60.26,63.43,54.99,60.51,66.43,59.66,64.98,61.11,RADIO-7
2047-03-15 03:07:50,55.47,57.68,72.41,,61.13,63.75,58.54,62.65,51.13,RADIO-7
2047-03-15 03:14:20,68.31,56.79,61.37,52.9,,71.39,63.41,54.08,41.89,RADIO-7
2047-03-15 01:46:20,52.26,59.8,,68.72,62.05,57.62,58.34,64.64,50.97,RADIO-7
2047-03-15 02:07:20,66.9,63.33,,56.42,60.19,47.26,56.65,65.63,54.33,RADIO-7
2047-03-15 01:22:30,63.23,71.63,83.56,53.81,58.99,62.29,68.73,72.27,69.59,N/A
2047-03-15 03:15:10,61.69,56.71,67.87,54.15,60.13,58.52,54.51,56.63,69.47,RADIO-7
2047-03-15 02:11:50,61.25,64.53,64.27,64.92,58.48,57.28,59.85,49.15,67.3,RADIO-7
CORRUPTED_TS_9289,,57.67,55.49,63.88,48.26,64.93,61.93,57.73,63.45,RADIO-7
2047-03-15 02:35:11,71.29,60.12,50.73,65.67,,65.12,63.51,58.14,56.84,RADIO-7
2047-03-15 01:47:50,59.67,54.8,57.98,73.18,,54.38,60.42,59.63,63.79,RADIO-7
2047-03-15 00:38:40,60.27,65.16,61.18,66.22,64.39,58.9,62.77,69.09,57.27,RADIO-7
2047-03-15 03:11:00,53.42,57.13,64.12,60.83,56.39,63.54,57.74,64.03,58.91,RADIO-7
2047-03-15 02:45:20,58.52,72.15,59.56,63.27,61.78,65.68,59.57,58.69,,RADIO-7
2047-03-15 00:04:40,56.4,65.78,66.75,50.74,65.54,48.21,60.96,49.32,54.82,RADIO-7
2047-03-15 01:49:10,60.36,55.98,54.86,66.21,68.4,70.9,,55.86,51.89,RADIO-7
2047-03-15 01:33:20,61.74,69.84,55.05,60.08,59.72,58.18,67.89,62.76,51.04,RADIO-7
2047-03-15 02:09:21,55.64,66.74,51.2,,55.99,65.23,54.07,,65.76,RADIO-7
2047-03-15 00:48:00,61.69,50.85,64.54,60.86,60.51,68.69,61.5,72.22,61.54,RADIO-7
2047-03-15 01:58:10,70.18,60.86,48.78,57.21,59.15,58.26,64.7,62.52,64.28,RADIO-7
2047-03-15 01:21:50,68.88,57.15,47.22,68.52,62.74,54.56,56.42,63.19,53.17,RADIO-7
CORRUPTED_TS_7498,61.6,58.41,50.06,61.57,58.99,48.21,55.6,67.24,67.63,RADIO-7
2047-03-15 01:51:30,66.55,57.54,64.16,65.58,60.75,64.22,64.35,64.35,63.03,RADIO-7
2047-03-15 01:18:40,50.91,57.65,47.48,50.77,52.8,60.78,62.01,49.39,65.93,RADIO-7
2047-03-15 01:17:40,,54.13,54.97,61.14,66.55,54.9,53.82,61.67,58.34,RADIO-7
2047-03-15 01:31:10,58.78,63.01,42.05,59.43,46.79,55.09,61.76,61.11,59.1,RADIO-7
2047-03-15 02:34:30,62.26,66.69,56.46,64.58,58.62,53.21,54.32,66.45,54.32,RADIO-7
2047-03-15 00:13:00,60.55,61.15,51.97,67.15,55.91,51.98,59.5,73.29,61.7,RADI0-7
2047-03-15 02:18:00,57.48,61.26,64.68,60.61,55.13,58.96,50.25,49.39,66.64,RADIO-7
2047-03-15 02:42:50,45.46,61.11,54.21,70.92,57.86,66.01,69.17,67.33,57.12,RADIO-7
2047-03-15 01:44:40,60.33,59.41,56.94,61.66,55.37,56.45,61.15,61.77,56.8,RADIO-7
2047-03-15 00:02:30,56.63,67.49,61.63,64.41,58.51,54.83,63.38,61.77,62.44,RADIO-7
2047-03-15 01:23:40,51.61,63.81,56.58,68.11,65.15,62.63,56.06,54.14,47.38,RADIO-7
2047-03-15 02:13:20,65.63,55.95,61.11,62.92,58.87,54.31,32.0,69.99,59.62,RADIO-7
2047-03-15 00:47:10,52.57,,64.39,54.66,53.58,66.11,58.13,64.99,,N/A
2047-03-15 02:50:20,59.85,,62.56,54.68,53.31,56.66,63.27,61.75,62.74,RADIO-7
2047-03-15 01:53:10,67.63,55.16,58.51,62.18,66.59,56.7,62.39,49.9,67.14,RADIO-7
2047-03-15 01:34:20,47.77,73.03,62.12,58.22,68.18,,75.59,57.82,69.12,RADIO-7
2047-03-15 02:11:10,62.76,63.1,65.36,51.4,43.57,53.21,57.89,62.35,57.53,RADIO-7
2047-03-15 02:51:30,53.86,66.05,66.61,62.55,,61.94,64.41,72.16,70.86,RADIO-7
2047-03-15 00:47:30,,,61.9,63.22,73.95,56.3,56.24,61.96,53.43,RADIO-7
2047-03-15 03:02:50,48.01,68.41,59.71,67.64,66.49,59.62,62.26,64.36,72.89,RADIO-7
2047-03-15 00:06:10,48.24,56.68,64.96,62.22,55.45,49.83,61.67,61.17,68.98,RADIO-7
2047-03-15 02:58:30,62.86,57.08,59.51,50.21,61.25,54.38,66.35,69.46,59.64,RADIO-7
2047-03-15 02:06:30,64.2,61.34,61.88,64.08,64.65,60.95,57.72,67.15,60.73,RADIO-7
2047-03-15 01:27:30,49.17,66.52,61.51,53.43,59.94,61.7,51.41,63.86,59.24,RADIO-7
2047-03-15 02:45:40,53.99,61.14,71.84,,58.29,56.21,60.65,61.02,62.02,RADIO-7
2047-03-15 01:53:00,65.61,49.9,61.4,59.59,57.11,56.08,56.51,53.61,60.82,RADIO-7
2047-03-15 00:22:20,54.48,60.89,57.5,64.76,57.24,55.19,61.45,67.6,68.15,RADIO-7
2047-03-15 00:17:30,62.42,54.61,55.05,61.85,65.57,66.38,41.73,58.17,55.15,RADIO-7
CORRUPTED_TS_6688,70.62,59.09,60.95,60.19,64.15,61.69,57.72,54.01,63.23,RADIO-7
2047-03-15 02:09:30,58.51,,56.99,72.25,61.16,61.94,64.34,56.8,64.75,RADIO-7
2047-03-15 01:46:00,64.94,53.14,57.94,68.61,59.66,62.29,64.22,60.2,66.97,RADIO-7
2047-03-15 00:20:50,73.14,48.15,62.9,63.5,56.99,55.33,64.25,53.67,58.2,RADIO-7
2047-03-15 03:13:30,73.75,,,64.01,72.63,163.76,61.54,55.18,62.6,RADIO-7
2047-03-15 01:17:10,61.28,56.35,64.09,61.91,62.5,63.59,63.98,50.06,70.69,RADIO-7
2047-03-15 01:58:00,47.51,52.84,62.7,58.82,58.64,131.17,64.64,69.19,59.07,RADIO-7
2047-03-15 01:42:30,60.78,54.65,66.23,63.35,63.87,59.99,60.91,54.14,54.21,RADIO-7
2047-03-15 01:47:20,58.53,,64.29,60.15,64.53,54.13,69.56,58.19,69.73,RADIO-7
2047-03-15 01:04:00,55.45,62.57,57.08,61.46,66.24,62.64,63.98,52.78,52.84,RADIO-7
2047-03-15 02:09:00,63.73,59.89,53.99,65.97,54.12,53.42,60.48,66.63,60.86,RADIO-7
2047-03-15 00:26:50,,63.48,,59.93,53.82,65.23,63.98,64.26,54.86,RADIO-7
2047-03-15 01:35:10,70.06,70.17,59.59,59.04,53.25,52.07,58.77,68.88,65.46,RADIO-7
2047-03-15 02:14:40,67.53,63.96,65.4,63.25,65.39,57.75,58.12,61.48,66.93,RADIO-7
2047-03-15 02:12:10,52.34,64.25,56.29,56.8,62.3,56.36,65.45,62.08,57.84,RADIO-7
2047-03-15 01:57:00,55.77,67.04,69.9,54.16,60.99,,62.33,64.4,71.33,RADIO-7
2047-03-15 00:33:10,53.14,56.06,57.05,53.9,54.91,57.85,68.19,62.07,52.9,RADIO-7
2047-03-15 01:30:40,45.17,54.44,61.94,50.89,58.02,60.49,,54.07,61.36,RADIO-7
CORRUPTED_TS_2669,61.33,60.01,55.36,59.31,52.37,54.54,60.61,66.32,60.72,RADIO-7
2047-03-15 01:56:30,58.89,58.23,63.48,55.24,69.6,55.06,57.09,57.13,62.67,RADIO-7
2047-03-15 01:02:10,65.76,51.86,50.71,60.52,54.03,67.65,68.9,63.94,63.62,RADIO-7
2047-03-15 01:13:30,59.8,68.47,50.9,64.6,54.95,59.23,60.54,64.32,58.7,RADIO-7
2047-03-15 00:19:50,64.51,58.88,54.89,59.36,,57.94,49.14,66.77,56.32,RADIO-7
2047-03-15 01:21:30,65.29,58.45,62.3,57.68,65.46,67.93,58.82,58.42,,RADIO-7
2047-03-15 01:33:00,62.37,69.67,66.81,56.1,49.16,64.11,51.56,65.72,63.02,RADIO-7
2047-03-15 01:56:50,66.29,58.13,65.13,51.81,63.2,59.12,53.25,66.13,54.14,RADIO-7
2047-03-15 03:10:10,68.25,62.53,68.71,62.97,64.63,62.37,59.9,,60.86,RADIO7
2047-03-15 01:02:20,72.92,62.8,57.05,62.13,63.3,58.97,,68.6,69.09,RADIO-7
2047-03-15 03:04:00,66.65,71.97,,,54.64,63.8,64.99,71.09,63.53,RADIO-7
2047-03-15 02:06:20,,66.34,67.97,63.55,59.82,72.39,60.55,68.39,57.83,RADIO-7
2047-03-15 00:19:40,66.86,56.34,,58.91,68.11,63.31,62.13,56.19,63.57,RADIO-7
2047-03-15 02:44:10,53.05,69.2,56.62,,63.55,56.67,52.04,62.2,52.4,RADIO-7
2047-03-15 02:50:00,63.14,57.85,56.36,57.28,60.2,72.29,50.09,61.75,57.47,RADIO-7
2047-03-15 02:39:10,66.7,56.3,59.01,58.2,53.75,49.47,57.68,62.9,50.91,RADIO-7
2047-03-15 01:34:50,,63.31,61.62,55.73,69.53,67.73,67.13,68.96,56.92,RADIO-7
2047-03-15 01:34:51,,63.31,61.62,55.73,69.53,67.73,67.13,68.96,56.92,RADIO-7
CORRUPTED_TS_1207,61.18,54.36,69.14,45.01,60.56,47.36,59.66,63.2,56.83,RADIO-7
2047-03-15 01:38:50,62.13,64.03,58.73,45.44,60.9,56.27,57.3,49.12,59.89,RADIO-7
2047-03-15 00:21:10,56.6,59.14,63.64,66.42,61.43,68.99,62.45,61.27,,RADIO-7
2047-03-15 02:22:10,67.13,58.18,66.35,61.78,66.77,49.65,,52.11,67.12,RADIO-7
2047-03-15 02:13:30,56.9,59.13,62.55,66.43,59.38,54.56,56.98,57.14,59.53,RADIO-7
2047-03-15 01:47:10,50.98,60.56,61.35,64.19,,55.98,57.63,49.05,63.09,RADIO-7
2047-03-15 01:06:30,67.43,55.63,61.81,62.16,65.55,51.4,61.53,67.13,63.87,RADIO-7
2047-03-15 00:29:00,61.66,68.83,75.72,49.37,51.17,62.02,62.82,59.13,58.19,RADIO-7
2047-03-15 00:53:20,60.58,67.33,71.72,71.13,51.72,67.4,65.91,58.14,53.82,RADIO-7
2047-03-15 02:42:40,57.29,50.35,58.32,52.94,,61.93,69.6,47.61,,RADIO-7
2047-03-15 01:18:10,56.55,,67.37,66.32,64.34,56.02,59.75,51.8,57.88,RADIO-7
2047-03-15 02:02:40,61.54,61.52,65.71,50.03,53.67,64.87,46.69,58.84,55.07,RADIO-7
2047-03-15 03:13:20,45.13,53.82,61.4,52.38,55.12,61.63,63.93,58.1,65.6,RADIO-7
2047-03-15 00:13:10,48.07,58.15,64.16,59.5,65.81,68.02,,51.91,59.96,RADIO-7
2047-03-15 02:48:30,61.19,63.63,57.58,47.88,68.65,60.19,63.85,54.56,66.73,RADIO-7
2047-03-15 02:32:40,63.65,58.63,59.68,57.5,62.7,53.47,53.92,58.29,53.23,RADIO-7
2047-03-15 01:16:10,,67.91,58.62,62.69,55.57,65.98,47.19,60.8,49.91,RADIO-7
2047-03-15 00:48:20,58.75,56.69,53.9,64.16,49.08,58.55,58.41,63.06,67.51,RADIO-7
2047-03-15 01:01:40,60.15,64.77,58.76,57.62,61.86,58.45,53.49,57.75,54.52,RADIO-7
2047-03-15 02:38:00,59.73,59.38,64.07,62.46,59.89,57.79,61.58,63.66,57.68,RADIO-7
2047-03-15 01:19:30,61.87,69.13,55.99,47.96,52.42,54.54,38.39,52.65,53.53,RADIO-7
2047-03-15 03:09:00,58.54,65.34,,61.75,70.04,57.66,66.19,64.92,54.09,RADIO-7
2047-03-15 02:55:20,62.96,51.29,59.23,,63.67,66.3,48.72,56.25,57.67,RADIO-7
2047-03-15 02:20:10,64.05,57.54,77.21,,56.64,56.61,58.9,59.61,56.75,RADIO-7
2047-03-15 01:18:50,68.2,54.47,56.49,59.13,64.19,45.72,58.26,58.2,,RADIO-7
2047-03-15 00:32:50,60.92,54.17,61.27,61.27,78.68,57.14,60.85,66.29,62.25,RADIO-7
2047-03-15 00:30:50,64.28,61.8,56.25,56.7,69.81,55.51,61.88,63.34,61.22,RADIO-7
2047-03-15 01:54:10,64.28,61.68,61.86,61.22,64.47,60.86,,57.58,61.88,RADIO-7
2047-03-15 01:10:10,70.53,51.37,65.07,51.46,60.08,55.07,56.97,68.06,63.62,RADIO-7
2047-03-15 01:15:10,,142.67,,61.09,56.77,65.82,57.69,55.47,,RADIO-7
2047-03-15 00:42:40,67.6,64.52,53.45,51.63,64.26,68.34,54.54,57.86,54.85,RADI0-7
2047-03-15 00:22:30,69.3,,58.23,59.27,63.26,53.12,61.81,64.26,59.14,RADIO-7
2047-03-15 02:21:00,61.74,60.13,62.65,54.73,56.35,60.55,56.22,62.3,64.64,RADIO-7
2047-03-15 02:17:50,56.86,67.43,67.5,54.93,65.71,59.93,60.36,56.24,56.99,RADIO-7
2047-03-15 01:38:20,60.43,48.75,69.1,62.37,55.8,58.71,60.68,69.61,54.98,RADIO-7
2047-03-15 02:16:20,60.49,63.81,55.59,57.89,62.34,59.99,72.73,,65.13,RADIO-7
2047-03-15 03:04:20,63.68,63.64,61.94,68.44,58.94,48.39,51.45,59.27,,RADIO-7
2047-03-15 03:09:50,64.21,56.04,59.04,64.21,73.39,68.12,58.97,58.19,51.27,radio_7
2047-03-15 00:08:10,49.42,50.66,55.86,57.41,62.88,54.83,51.17,61.99,61.29,RADIO-7
2047-03-15 02:31:10,64.48,63.83,62.17,,61.79,57.85,,62.24,48.7,RADIO-7
2047-03-15 01:45:10,69.18,61.4,56.05,68.13,56.3,,64.47,58.56,52.81,RADIO-7
2047-03-15 01:27:40,50.23,56.78,59.3,54.72,56.89,57.96,52.29,51.89,62.84,RADIO-7
2047-03-15 01:48:50,53.36,65.51,55.3,53.45,53.35,62.03,63.25,57.99,55.39,RAD1O-7
2047-03-15 02:10:00,61.07,54.17,65.87,60.94,71.4,67.21,54.43,59.43,74.09,RADIO-7
2047-03-15 01:17:00,55.8,47.27,53.39,54.29,61.63,58.99,55.96,57.45,65.31,RADIO-7
2047-03-15 01:41:50,59.67,60.88,,56.77,56.86,65.78,58.93,52.21,,RADIO-7
2047-03-15 02:03:00,69.99,66.51,62.84,47.62,52.61,77.61,,56.33,56.83,RADIO-7
2047-03-15 02:55:50,55.97,62.18,72.32,72.93,49.21,49.64,68.56,,68.73,RADIO-7
2047-03-15 01:18:00,56.82,65.04,63.21,,51.98,63.18,59.98,60.27,61.29,RADIO-7
2047-03-15 00:05:30,53.65,75.48,58.95,64.47,63.72,54.66,64.36,64.45,55.85,RADIO-7
2047-03-15 01:09:20,69.31,61.79,62.89,57.11,61.75,,,58.39,53.56,RADIO-7
2047-03-15 00:41:10,56.08,63.52,,57.22,59.87,63.85,57.1,58.68,61.51,RADIO-7
2047-03-15 01:42:50,64.35,55.69,43.01,57.11,48.14,74.19,54.62,55.59,43.56,RADIO-7
2047-03-15 02:52:00,62.4,48.18,63.13,62.32,53.38,63.01,47.73,58.31,58.01,RADIO-7
2047-03-15 03:02:40,60.47,62.51,64.89,63.06,50.57,76.26,71.84,67.46,68.27,RADIO-7
2047-03-15 02:45:41,53.99,61.14,71.84,,58.29,56.21,60.65,61.02,62.02,RADI0-7
2047-03-15 00:36:00,55.36,60.34,55.59,57.7,47.37,60.07,64.69,51.02,60.69,RADIO-7
2047-03-15 02:12:41,59.76,59.84,64.28,54.6,62.46,69.23,61.96,69.22,57.18,RADIO-7
2047-03-15 02:13:50,57.23,58.15,67.67,62.09,65.82,70.04,64.29,58.3,60.09,RADIO-7
2047-03-15 01:30:30,68.65,66.97,58.86,,,58.94,63.6,62.08,55.05,RADIO-7
2047-03-15 01:22:10,54.83,51.92,,61.33,54.49,63.98,,53.54,54.12,RADIO-7
2047-03-15 01:17:20,59.33,67.78,62.45,54.05,67.15,52.75,,62.83,51.81,RADIO-7
2047-03-15 01:05:10,62.95,42.47,56.66,57.17,59.75,59.98,63.65,57.46,61.15,RADIO-7
2047-03-15 01:13:00,49.78,72.38,73.31,,61.08,63.03,68.61,68.52,,RADIO-7
2047-03-15 01:37:00,63.8,50.97,64.39,54.92,54.55,58.38,,59.41,64.42,RADIO-7
2047-03-15 01:51:41,67.48,53.37,52.38,59.21,69.09,61.45,69.16,65.54,57.8,RADIO-7
2047-03-15 00:54:20,,71.31,66.07,65.76,58.36,56.9,66.1,78.95,54.99,RADIO-7
2047-03-15 01:56:40,56.86,64.18,55.76,57.46,64.22,67.15,117.0,57.95,71.44,RADIO-7
2047-03-15 01:17:30,58.67,59.86,58.15,56.2,55.09,64.85,,67.63,59.69,RADIO-7
2047-03-15 01:32:10,61.53,49.02,69.13,55.52,66.97,55.52,55.65,56.72,51.55,RADIO-7
2047-03-15 00:10:10,,60.46,64.46,55.63,55.04,64.33,60.07,47.03,61.69,RADIO-7
2047-03-15 01:09:40,67.08,57.44,62.36,56.89,,62.95,52.12,62.91,55.71,RADIO-7
2047-03-15 02:16:50,68.46,,64.54,,49.32,71.13,56.61,58.87,62.39,RADIO-7
2047-03-15 03:19:10,62.64,,66.88,52.42,,61.79,65.37,57.29,58.33,RADIO-7
2047-03-15 01:29:40,66.04,,50.16,65.35,57.92,56.9,61.26,62.86,66.11,N/A
2047-03-15 00:25:50,55.71,44.45,63.21,48.19,51.66,62.69,65.18,61.09,66.28,RADIO-7
2047-03-15 02:43:10,64.56,60.04,55.63,64.99,64.19,48.29,58.48,60.94,58.39,RADIO-7
2047-03-15 02:48:50,55.86,57.29,55.01,56.93,54.95,64.39,54.13,57.57,55.92,RADIO-7
2047-03-15 03:15:40,55.48,66.7,52.38,46.08,62.68,68.25,58.89,62.43,71.96,RADIO-7
2047-03-15 01:01:00,61.34,60.4,59.8,61.87,56.98,58.52,57.85,66.09,57.08,RADIO-7
2047-03-15 00:58:00,55.69,64.6,62.32,58.32,64.48,52.98,64.44,48.27,58.81,RADIO-7
2047-03-15 02:39:20,62.06,57.75,60.47,,63.42,60.57,61.09,63.96,61.64,RADIO-7
2047-03-15 03:05:40,60.9,64.13,62.61,60.49,58.59,66.37,65.18,61.25,58.53,RADIO-7 
2047-03-15 00:27:40,64.93,59.84,54.03,54.15,54.36,66.82,70.37,67.38,65.6,RADIO-7
2047-03-15 02:26:50,56.81,63.61,60.18,61.71,57.95,59.73,66.83,60.64,58.52,RADIO-7
2047-03-15 02:36:20,61.46,52.57,63.02,58.69,,57.42,50.3,60.2,49.09,RADIO-7
2047-03-15 01:31:00,,,60.51,62.33,58.35,50.52,68.51,58.81,52.98,RADIO-7
2047-03-15 00:34:00,51.73,65.98,56.25,54.64,,53.03,55.37,63.68,64.94,RADIO-7
2047-03-15 02:31:40,58.15,56.74,52.91,52.88,60.52,47.34,54.22,71.54,54.23,RADIO-7
2047-03-15 01:40:50,71.26,50.5,51.99,56.24,60.04,49.79,56.67,,67.18,RADIO-7
2047-03-15 03:05:30,62.97,62.99,49.51,62.14,62.44,54.31,54.89,58.5,48.46,RADIO-7
2047-03-15 00:31:00,62.84,,52.08,61.9,58.67,62.5,58.1,71.18,61.16,RADIO-7
2047-03-15 03:18:30,52.13,54.42,63.62,57.6,61.84,60.2,59.3,58.13,57.02,RADIO-7
2047-03-15 02:23:51,70.78,59.38,67.04,66.98,51.13,61.54,65.97,55.4,54.93,RADIO-7
2047-03-15 00:01:30,63.26,70.5,53.11,57.51,57.48,54.98,66.93,59.75,62.99,RADIO-7
2047-03-15 00:01:40,57.22,52.54,64.91,60.2,64.54,59.65,74.2,59.12,60.77,RAD1O-7
2047-03-15 02:37:50,55.85,55.03,69.54,,61.21,65.39,69.99,64.5,65.42,RADIO-7
2047-03-15 02:23:40,69.29,62.34,54.57,65.06,60.04,71.6,50.98,63.67,55.88,RADIO-7
2047-03-15 02:08:10,70.87,66.8,57.5,61.34,54.01,56.22,66.8,62.05,70.59,RADIO-7
2047-03-15 01:32:30,57.53,68.24,70.48,58.7,65.37,51.58,60.75,66.3,66.33,RADIO-7
2047-03-15 00:48:10,56.26,67.58,63.67,65.1,55.72,58.11,64.85,60.88,53.28,RADIO-7
2047-03-15 01:11:10,64.12,67.69,59.63,58.44,62.5,69.01,62.95,62.02,58.47,RADIO-7
2047-03-15 01:33:30,72.45,64.45,56.35,62.88,60.68,68.08,64.28,59.16,58.99,RADIO-7
2047-03-15 01:54:00,52.67,59.84,58.88,55.33,45.69,60.1,60.85,68.25,60.73,
2047-03-15 03:13:00,65.89,49.34,59.32,56.01,57.33,54.87,56.61,56.55,62.45,RADIO-7
2047-03-15 00:09:11,65.59,52.74,68.92,62.18,74.06,69.13,70.92,64.39,67.83,RADIO-7
2047-03-15 02:31:20,63.87,58.03,70.57,63.95,55.36,54.84,66.64,61.32,62.95,RADIO-7
2047-03-15 02:12:40,59.76,59.84,64.28,54.6,62.46,69.23,61.96,69.22,57.18,RADIO-7
2047-03-15 00:25:10,62.08,49.19,48.72,61.97,67.52,54.7,60.76,55.55,60.86,RADIO-7
2047-03-15 00:18:40,60.36,68.34,63.29,61.69,64.96,62.88,61.34,61.43,52.29,RADIO-7
2047-03-15 02:15:40,66.19,64.98,64.41,61.2,56.93,51.46,57.74,56.3,60.02,RADIO-7
2047-03-15 01:10:30,65.83,55.99,51.57,64.7,54.43,60.83,55.61,56.11,,RADIO-7
2047-03-15 02:42:30,48.66,72.54,53.86,58.67,52.18,60.15,66.73,53.85,62.6,RADIO-7
CORRUPTED_TS_8102,58.67,57.42,65.17,57.24,49.52,59.87,64.09,66.16,62.39,RADIO-7
2047-03-15 01:16:50,60.21,59.29,62.9,61.68,55.33,52.38,60.85,60.81,61.43,RADIO-7
2047-03-15 02:26:40,75.16,60.13,54.83,52.83,54.29,,55.82,,66.64,RADIO-7
2047-03-15 00:00:00,62.98,60.75,55.67,55.06,63.04,53.32,60.84,,46.81,RADIO-7
2047-03-15 02:12:50,64.09,54.71,48.7,54.21,58.34,69.43,54.99,68.48,,RADIO-7
2047-03-15 02:39:40,63.42,,62.75,56.77,56.89,76.13,62.62,57.63,59.38,RADIO-7
2047-03-15 02:28:00,63.54,57.28,56.23,65.29,52.39,56.2,62.64,60.12,54.09,RADIO-7
2047-03-15 02:00:00,61.85,48.12,57.1,59.88,55.52,63.41,67.86,46.85,,RADIO-7
2047-03-15 01:51:40,67.48,53.37,52.38,59.21,69.09,61.45,69.16,65.54,57.8,RADIO-7
2047-03-15 01:53:30,53.23,69.69,60.84,50.93,62.7,61.61,,69.63,59.63,RADIO7
2047-03-15 02:33:20,66.44,74.48,61.18,57.07,57.4,61.54,66.84,57.31,57.53,RADIO-7
2047-03-15 01:08:30,53.25,50.62,,51.57,53.53,59.41,,61.98,65.11,RADIO-7
2047-03-15 00:53:40,55.09,58.64,53.65,57.92,,57.67,,61.67,49.69,RADIO-7
2047-03-15 00:00:10,59.17,57.42,,55.69,59.66,56.21,60.39,66.99,67.61,RADIO-7
2047-03-15 01:56:10,52.49,69.59,63.5,60.76,56.09,66.76,59.28,52.62,69.45,RADIO-7
2047-03-15 01:12:30,60.44,,58.2,65.74,72.41,58.04,57.49,59.89,57.03,RADIO-7
2047-03-15 01:15:20,54.09,61.17,53.37,62.76,57.2,53.41,59.62,50.01,55.97,RADIO-7
2047-03-15 00:06:20,52.03,63.41,57.38,59.26,68.11,64.92,54.4,59.86,56.33,RADIO-7
2047-03-15 00:30:30,62.89,56.37,67.34,52.97,59.12,71.72,55.22,63.78,61.94,RADIO-7
2047-03-15 00:36:10,58.58,61.61,,59.26,72.25,52.82,54.53,64.36,60.01,RADIO-7
2047-03-15 01:53:20,64.33,65.79,67.2,72.56,71.76,58.11,52.08,59.36,62.07,RADIO-7
2047-03-15 00:51:00,67.67,64.18,60.87,67.95,53.82,55.14,61.23,61.23,63.82,RADIO-7
2047-03-15 02:40:20,61.18,62.99,49.24,54.62,54.11,62.99,64.74,59.82,60.23,RADIO-7
2047-03-15 01:31:30,56.38,66.01,50.22,61.46,60.2,63.49,68.35,63.36,57.64,RADIO-7
2047-03-15 00:52:10,64.88,,,54.93,51.57,63.65,57.21,58.03,64.78,RADIO-7
2047-03-15 02:25:10,55.21,67.42,54.76,67.7,60.28,64.13,64.05,67.67,60.56,RADIO-7
2047-03-15 00:55:10,54.62,49.39,70.11,69.17,65.06,51.85,63.7,59.22,54.92,RADIO-7
2047-03-15 00:06:00,61.25,70.07,59.21,57.97,57.19,65.18,58.46,60.95,59.54,RADIO-7
2047-03-15 00:18:20,48.49,59.85,62.89,144.22,56.89,66.25,57.3,60.02,53.72,RADIO-7
2047-03-15 02:47:30,62.36,62.83,44.81,58.48,60.82,64.66,57.32,70.83,48.88,RADIO-7
2047-03-15 02:23:20,61.22,65.11,58.57,67.13,59.67,55.05,,48.45,,RADIO-7
2047-03-15 02:41:50,55.91,59.54,52.83,58.2,59.01,59.69,67.58,59.7,56.87,RADIO-7
2047-03-15 03:16:20,54.07,57.52,55.11,53.43,61.44,57.51,64.86,,62.34,RADIO-7
2047-03-15 01:36:10,64.63,59.78,54.92,61.84,46.5,,53.89,59.69,63.3,RADIO-7
2047-03-15 02:48:10,56.79,60.13,72.28,54.97,58.62,68.66,62.06,68.13,55.97,RADIO-7
2047-03-15 01:12:10,64.31,66.18,,42.97,58.46,51.96,64.23,65.66,56.75,RADIO-7
2047-03-15 00:27:10,,54.16,61.53,64.94,61.85,50.8,56.67,61.25,61.95,RADIO-7
2047-03-15 00:43:50,53.85,54.9,54.31,58.71,51.95,61.85,53.09,69.98,53.56,RADIO-7
2047-03-15 00:38:30,61.3,64.89,62.78,56.83,67.53,57.82,51.46,58.27,55.11,RADIO-7
2047-03-15 00:50:20,64.48,55.09,72.07,70.01,61.49,65.75,64.52,,53.3,RADIO-7
2047-03-15 00:29:10,64.96,58.74,,62.83,51.76,58.42,71.83,62.43,69.52,N/A
2047-03-15 02:10:10,51.99,,63.13,61.06,66.14,60.05,56.98,57.67,65.7,RADIO-7
2047-03-15 00:24:50,61.78,58.65,72.53,51.16,62.61,61.55,68.52,,66.91,RADIO-7
2047-03-15 03:17:00,,62.06,71.52,49.86,71.95,64.38,60.56,50.8,55.55,RADIO-7
2047-03-15 00:11:50,69.23,63.65,74.18,65.23,68.16,50.95,61.42,69.23,62.33,RADIO-7
2047-03-15 00:28:00,58.53,57.34,65.15,63.99,58.23,59.03,52.28,62.68,64.22,RADIO-7
2047-03-15 01:15:50,55.24,58.23,56.92,61.24,53.2,53.97,58.13,56.02,62.6,RADIO-7
2047-03-15 00:14:50,63.08,47.08,48.48,59.09,63.82,59.76,59.91,55.66,61.76,RADIO-7
2047-03-15 00:19:30,52.99,58.17,46.68,73.85,,54.98,67.46,67.73,53.61,RADIO-7
2047-03-15 02:43:00,50.5,72.14,63.04,56.6,60.18,69.36,64.54,57.6,62.33,RADIO-7
2047-03-15 00:53:30,63.57,63.49,56.97,61.35,57.38,59.95,50.48,61.15,61.36,RADIO-7
2047-03-15 02:37:30,53.58,68.94,69.77,147.45,62.2,66.5,59.85,59.03,62.69,RADIO-7
2047-03-15 01:16:30,52.81,66.84,61.16,58.58,72.14,60.75,54.96,49.11,51.36,RADIO-7
2047-03-15 00:09:51,65.85,59.67,62.83,73.28,59.15,63.59,74.71,69.54,60.81,RADIO-7
2047-03-15 03:00:00,57.91,49.65,,58.61,45.58,62.06,58.1,63.5,55.01,RADIO-7
2047-03-15 02:28:20,64.92,61.96,,62.37,60.41,66.07,53.7,55.97,53.95,RADIO-7
2047-03-15 00:40:10,59.31,67.04,58.69,55.74,49.85,54.36,76.75,55.38,68.01,RADIO-7
2047-03-15 02:23:00,56.69,61.58,67.12,50.69,,56.29,61.1,76.61,,RADIO-7
2047-03-15 01:55:20,53.51,57.38,,51.1,57.73,58.57,52.83,53.06,54.72,RADIO-7
2047-03-15 00:45:00,68.65,67.18,55.82,,52.93,57.83,65.69,66.73,60.35,RADIO-7
2047-03-15 00:18:30,59.84,64.91,63.28,52.11,67.95,52.41,55.46,63.51,64.07,RADIO-7
2047-03-15 01:39:10,56.94,55.49,60.46,57.02,64.82,67.97,67.16,60.61,63.39,RADIO-7
2047-03-15 01:26:00,63.01,61.99,58.95,58.54,50.94,70.15,55.72,70.58,62.67,RADIO-7
2047-03-15 00:37:40,60.39,72.34,68.42,52.94,53.81,51.44,,57.96,49.87,RADIO-7
2047-03-15 01:22:40,53.78,54.13,47.5,63.57,60.48,65.98,66.19,63.18,64.04,RADIO-7
2047-03-15 01:23:00,54.75,63.08,58.28,59.21,64.18,59.6,62.67,53.65,57.6,RADIO-7
2047-03-15 02:19:10,61.41,76.56,61.14,64.18,64.24,52.94,71.91,52.13,61.08,RADIO-7
2047-03-15 02:53:50,59.77,,69.53,68.33,47.26,50.87,68.03,60.48,58.75,RADIO-7 
2047-03-15 00:32:30,62.31,61.11,46.52,58.05,59.71,59.1,48.99,58.81,67.47,RADIO-7
2047-03-15 00:56:00,55.05,63.08,57.99,67.5,62.88,64.15,57.41,61.24,61.87,RADIO-7
2047-03-15 03:17:40,54.11,58.62,55.83,64.39,,47.61,69.78,62.45,66.34,RADIO-7
2047-03-15 02:26:00,56.89,63.69,67.02,57.23,61.08,63.31,59.5,57.45,54.04,RADIO-7
2047-03-15 02:16:10,65.34,,,48.3,58.04,51.11,55.56,61.61,61.3,RADIO-7
2047-03-15 00:22:50,58.07,58.19,65.51,59.04,67.38,56.57,49.57,70.19,57.02,RADIO-7
2047-03-15 02:17:00,73.79,68.16,68.22,67.53,54.36,54.79,49.13,65.63,60.08,RADIO-7
2047-03-15 01:28:00,61.56,62.2,69.47,55.59,62.85,60.12,62.24,53.97,61.13,RADIO-7
2047-03-15 01:24:30,54.82,71.4,,68.14,54.89,62.95,59.71,50.77,59.36,RADIO-7
2047-03-15 02:28:50,67.02,53.17,62.03,57.25,53.72,62.7,57.06,62.44,55.89,RADIO-7
2047-03-15 01:05:30,,65.42,54.44,64.51,56.45,56.01,59.39,58.34,51.01,RADIO-7
CORRUPTED_TS_7149,47.26,53.91,52.78,78.91,58.8,56.91,59.83,67.1,63.16,RADIO-7
2047-03-15 00:36:50,48.8,66.44,64.73,61.62,55.59,59.81,59.94,64.16,62.37,RADIO-7
2047-03-15 02:59:10,57.04,53.49,52.29,54.22,54.12,67.53,62.27,60.19,56.94,RADIO-7
2047-03-15 01:52:50,70.51,58.74,63.32,54.2,59.88,54.62,61.96,53.07,,RADIO-7
2047-03-15 02:22:30,56.58,55.08,60.89,61.73,55.17,70.16,62.8,57.15,57.05,RADI0-7
2047-03-15 00:54:40,63.74,57.07,55.55,52.92,60.9,68.35,51.09,62.48,64.13,RADIO-7
2047-03-15 00:02:00,61.45,55.69,53.26,58.93,63.96,61.2,52.25,53.65,,RADIO-7
2047-03-15 02:43:40,54.2,58.92,61.28,59.96,62.74,58.34,,52.45,57.08,RADIO-7
2047-03-15 00:13:50,56.89,65.74,55.4,67.38,62.85,60.8,59.77,52.05,55.35,RADIO-7
2047-03-15 00:34:20,,51.47,56.37,60.21,66.29,57.6,57.75,51.47,60.94,RADIO-7
2047-03-15 00:17:10,55.19,55.47,56.33,,57.76,62.1,62.03,58.42,60.04,RADIO-7
2047-03-15 00:51:30,58.79,68.87,69.38,55.58,60.49,60.17,57.01,54.75,68.48,RADIO-7
2047-03-15 02:07:10,59.42,63.87,55.83,67.17,64.48,70.13,64.41,66.41,52.54,RADIO-7
2047-03-15 03:01:10,61.43,58.49,63.99,54.3,,48.68,53.86,67.17,,RADIO-7
2047-03-15 00:30:00,63.75,64.07,62.23,59.1,52.81,65.78,65.59,61.04,57.25,RADIO-7
2047-03-15 03:13:40,51.66,50.87,46.86,64.03,60.21,63.29,52.06,63.43,58.08,RADIO-7
2047-03-15 03:12:40,55.87,57.78,63.84,51.02,59.26,67.01,59.66,51.17,59.13,RADIO-7
2047-03-15 01:22:50,58.86,55.93,70.35,,64.55,67.09,51.55,61.83,61.83,RADIO-7
2047-03-15 00:52:40,64.09,69.08,63.75,59.48,70.04,73.95,70.7,63.87,67.9,RADIO-7
2047-03-15 00:23:30,67.84,60.02,,63.13,58.77,59.72,62.47,51.83,53.01,RADIO-7
2047-03-15 02:44:20,69.02,51.46,55.1,66.13,59.36,51.59,63.34,55.23,64.96,RADIO-7
2047-03-15 00:54:30,64.75,,68.05,62.77,59.91,63.71,57.58,65.44,58.59,RADIO-7
2047-03-15 01:50:00,56.56,59.19,61.9,65.99,59.78,65.13,72.33,59.39,60.24,RADIO-7
2047-03-15 00:57:40,51.31,54.01,61.45,63.23,59.25,57.41,60.07,59.4,45.94,radio_7
2047-03-15 00:35:00,63.43,67.97,63.91,54.04,69.59,65.9,66.31,57.25,56.62,RADIO-7
2047-03-15 01:34:30,53.95,58.94,56.58,58.52,58.18,58.84,49.66,61.78,,RADIO-7
2047-03-15 00:23:40,,62.62,58.7,61.93,60.5,59.9,65.11,55.9,51.24,RADIO-7
2047-03-15 01:25:40,56.54,,64.11,69.78,56.06,,67.79,59.08,58.31,RADIO-7
2047-03-15 01:00:20,59.35,45.45,65.37,60.3,59.45,56.92,65.83,52.87,64.13,RADIO-7
2047-03-15 00:00:40,58.6,60.29,70.04,,58.42,58.72,49.54,68.11,65.14,RADIO-7
2047-03-15 00:07:20,51.13,56.1,56.98,55.13,67.13,60.66,64.19,61.13,58.7,RADIO-7
2047-03-15 00:46:50,63.97,57.76,58.19,61.05,60.82,61.12,61.77,60.62,58.54,RADIO-7
2047-03-15 00:33:40,66.5,67.11,56.19,52.7,49.23,73.75,59.34,75.52,73.83,RADIO-7
2047-03-15 02:21:50,56.67,54.8,61.79,57.01,60.5,55.47,52.94,70.06,,RADIO-7
2047-03-15 00:59:40,61.94,68.96,53.22,66.7,58.9,48.11,54.79,60.98,63.9,RADIO-7
2047-03-15 01:33:50,,50.39,53.66,48.98,54.43,68.83,63.64,58.63,59.39,RADIO-7
2047-03-15 02:09:40,,55.36,65.85,61.77,51.91,64.94,60.51,53.84,58.97,RADIO-7
2047-03-15 01:01:50,62.99,52.47,55.52,53.39,52.36,58.87,60.18,69.41,64.21,RADIO-7
2047-03-15 03:06:10,59.65,56.3,62.55,67.11,48.76,,65.04,67.14,64.49,RADIO-7
CORRUPTED_TS_7882,63.89,59.55,53.55,70.06,63.14,56.77,75.82,54.03,58.44,RADIO-7
2047-03-15 02:47:00,60.36,64.32,61.17,69.81,57.54,64.29,56.76,50.48,54.87,RADIO-7
2047-03-15 00:39:30,61.12,69.64,65.65,62.28,55.88,60.32,59.65,53.19,67.01,RADIO-7
2047-03-15 02:36:10,64.25,69.29,59.11,58.18,68.47,57.24,63.62,58.73,52.97,RADIO-7
2047-03-15 01:53:50,62.94,56.45,53.3,65.84,60.22,,59.66,61.81,61.4,RADIO-7
2047-03-15 00:45:30,60.06,60.09,56.77,51.14,50.67,53.51,67.65,67.16,,RADIO-7
2047-03-15 02:51:20,63.68,48.8,62.67,66.58,60.96,53.06,58.52,48.13,65.59,RADIO-7
2047-03-15 01:45:20,59.05,65.72,62.72,56.33,60.64,57.64,63.85,62.94,54.64,RADIO-7
2047-03-15 00:32:20,61.04,57.81,65.09,60.05,56.06,43.72,60.26,59.42,56.46,RADIO-7
2047-03-15 01:25:30,54.55,65.08,64.55,50.82,61.13,58.16,62.13,61.69,60.54,RADIO-7
2047-03-15 01:42:20,74.67,58.39,56.5,60.27,,64.6,60.71,58.72,48.52,RADIO-7
2047-03-15 01:11:50,47.76,54.92,54.45,51.5,63.04,,54.88,56.36,65.67,RADIO-7
2047-03-15 01:52:20,51.55,67.86,55.6,47.87,58.98,65.62,76.95,72.33,55.44,RADIO-7
2047-03-15 02:15:20,68.68,55.39,70.13,53.65,66.23,54.98,59.32,67.28,53.58,RADIO-7
2047-03-15 00:34:50,,58.5,67.65,64.86,59.15,56.04,67.08,55.39,58.77,RADIO-7
2047-03-15 00:27:00,66.95,60.72,54.45,55.12,59.26,52.49,66.36,65.57,61.19,RADIO-7
2047-03-15 01:45:50,50.07,62.17,62.68,52.92,56.32,57.64,55.05,,60.88,RADIO-7
2047-03-15 03:10:50,60.09,66.58,61.88,58.29,65.13,62.85,61.99,59.25,59.56,RADIO-7
2047-03-15 02:24:00,,,63.99,,57.07,59.93,54.71,54.4,58.39,RADIO-7
2047-03-15 00:14:30,61.97,63.05,59.73,61.59,69.66,50.71,66.28,54.09,50.86,RADIO-7
2047-03-15 00:57:30,61.39,62.81,58.22,65.48,60.74,60.45,62.82,55.84,49.31,RADIO-7
2047-03-15 02:32:20,59.43,64.44,57.83,170.51,62.37,66.41,54.67,59.22,60.99,RADIO-7
2047-03-15 01:59:30,60.9,56.27,55.47,66.77,63.76,59.51,57.26,64.38,49.99,RADIO-7
2047-03-15 00:31:40,57.32,62.76,67.42,63.52,47.4,66.5,67.7,68.73,64.94,RADIO-7
2047-03-15 02:05:20,54.14,54.57,42.56,58.51,58.96,58.41,58.38,65.97,59.2,RADIO-7
2047-03-15 00:29:40,,56.37,61.68,47.55,62.34,69.55,63.43,46.47,65.02,RADIO-7
2047-03-15 02:08:00,56.24,58.83,59.42,55.97,61.64,69.9,57.57,61.64,51.78,RADIO-7
2047-03-15 01:32:40,57.07,59.18,65.59,63.16,50.21,59.35,54.26,53.02,,RADIO-7
2047-03-15 02:22:40,55.01,57.14,54.71,53.06,66.06,60.91,60.47,54.98,56.81,RADIO-7
2047-03-15 01:05:20,52.08,62.62,57.52,,63.34,50.46,55.47,,63.97,RADIO-7
2047-03-15 01:55:11,66.96,60.04,64.56,57.42,66.13,55.78,,57.91,51.65,RADIO-7
2047-03-15 03:17:30,65.64,55.45,52.24,58.17,,64.12,51.25,50.55,65.5,RADIO-7
2047-03-15 02:47:10,56.12,52.24,59.41,67.87,70.91,58.6,55.19,58.76,52.88,RADIO-7
2047-03-15 02:04:00,63.11,63.73,62.59,56.08,57.81,53.99,62.47,57.43,63.7,RADIO-7
2047-03-15 02:21:30,56.81,60.93,48.85,68.98,65.63,54.04,60.5,49.95,,RADIO-7
2047-03-15 03:15:50,58.32,68.69,61.72,64.7,56.17,62.16,58.76,54.93,61.3,RADIO-7
2047-03-15 02:52:30,69.44,64.38,65.33,42.51,57.48,,64.73,51.48,53.31,RADIO-7
2047-03-15 02:18:10,58.31,57.05,59.77,57.1,62.2,57.39,60.5,60.12,52.5,RADIO-7
2047-03-15 01:25:10,59.7,59.28,62.15,,67.4,,52.13,55.08,71.19,RADIO-7
2047-03-15 02:34:20,56.65,52.92,59.99,51.67,46.75,60.13,65.27,55.22,56.62,RADIO-7
2047-03-15 01:13:10,59.67,53.59,59.05,55.87,65.03,63.17,49.03,63.55,71.91,RADIO-7
2047-03-15 02:01:20,56.76,66.61,60.44,70.2,58.92,53.73,61.88,63.42,63.1,RADIO-7
2047-03-15 01:18:30,46.19,57.8,,55.77,75.53,58.11,47.91,60.49,53.3,RADIO-7
2047-03-15 01:06:20,59.31,60.12,57.84,69.86,54.92,65.28,65.97,,62.97,RADIO-7
2047-03-15 02:27:30,71.08,52.68,69.02,50.43,51.04,55.11,61.41,44.87,60.43,RADIO-7
2047-03-15 00:05:50,52.67,69.83,57.78,61.6,60.56,60.42,67.72,60.9,51.56,RADIO-7
2047-03-15 00:34:10,54.37,55.46,58.89,63.08,52.35,69.49,69.99,66.83,52.13,RADIO-7
2047-03-15 01:41:20,49.33,50.51,66.5,54.86,58.77,55.28,69.84,61.83,60.06,RADIO-7
2047-03-15 03:07:20,69.8,59.97,56.51,59.51,49.49,68.05,,54.47,63.83,RADIO-7
2047-03-15 03:06:00,,65.03,55.23,74.33,64.79,70.52,58.87,71.09,60.28,RADIO-7
2047-03-15 00:07:10,58.19,53.91,,59.79,59.15,57.86,56.14,52.13,60.38,RADIO-7
2047-03-15 00:43:30,59.64,52.65,54.63,55.26,66.28,,59.81,51.6,62.84,RADIO-7
2047-03-15 02:27:50,57.84,59.11,58.73,56.53,57.01,70.83,58.4,62.35,65.77,RADIO-7
2047-03-15 01:11:30,,65.12,57.8,64.81,65.75,57.2,62.37,52.53,59.5,RADIO-7
2047-03-15 00:38:00,,,57.34,67.09,67.73,64.98,61.21,63.88,63.14,RADIO-7
2047-03-15 02:00:40,61.03,72.44,59.16,55.42,54.86,57.01,58.09,63.63,61.09,RADIO-7
2047-03-15 00:00:50,58.6,60.24,68.04,55.25,50.42,65.02,60.94,45.81,69.15,RADIO-7
2047-03-15 02:46:31,63.44,62.93,57.57,67.86,56.1,62.39,60.48,63.84,62.15,RADIO-7
2047-03-15 02:54:10,65.3,60.63,53.15,69.7,56.73,56.67,51.9,49.56,61.36,RADIO-7
2047-03-15 01:12:11,64.31,66.18,,42.97,58.46,51.96,64.23,65.66,56.75,RADIO-7
2047-03-15 03:09:40,63.58,60.04,59.71,51.81,,56.83,60.89,52.26,57.53,RADIO-7
2047-03-15 01:37:30,61.49,51.25,54.24,62.16,60.14,60.62,60.36,70.13,,RADIO-7
2047-03-15 02:01:10,,58.28,67.91,65.4,60.08,58.66,60.85,55.11,62.99,RADIO-7
2047-03-15 00:53:00,,53.85,56.45,65.7,50.51,,45.73,63.14,58.88,RADIO-7
2047-03-15 01:44:50,66.57,60.11,,60.05,49.36,62.64,53.1,55.92,55.08,RADIO-7
2047-03-15 03:08:30,62.53,59.57,71.15,59.7,55.22,,66.86,67.39,62.02,RADIO-7
2047-03-15 00:05:40,64.94,55.18,61.35,62.53,48.53,51.44,56.23,58.27,59.59,RADIO-7
2047-03-15 00:52:00,64.95,55.7,63.13,66.06,59.76,52.56,61.3,52.99,,RADIO-7
2047-03-15 00:28:31,55.11,70.27,51.31,57.01,59.51,60.79,60.35,62.47,61.7,RADIO-7
2047-03-15 00:12:30,64.93,60.85,64.33,60.44,53.91,55.38,55.78,56.54,68.91,RADIO-7
2047-03-15 00:28:50,62.05,50.32,59.7,55.44,47.48,52.08,48.54,,58.73,RADIO-7
2047-03-15 00:15:40,57.65,60.49,52.46,65.23,53.61,60.43,60.73,,58.62,RADIO-7
2047-03-15 00:08:30,,65.13,55.01,63.3,75.29,66.12,,62.72,64.06,RADIO-7
2047-03-15 01:31:50,59.07,64.07,64.66,66.77,62.25,66.94,61.9,52.74,54.87,RADIO-7
2047-03-15 02:11:20,59.58,,65.36,60.88,67.12,53.41,61.95,59.46,70.87,RADIO-7
2047-03-15 03:02:30,59.52,63.14,71.61,58.81,66.04,49.7,66.16,52.74,53.54,RADIO-7
2047-03-15 02:18:30,54.49,54.16,47.85,46.62,65.19,55.5,69.01,,66.17,RADIO-7
2047-03-15 02:17:30,68.72,61.1,54.07,53.2,59.41,145.13,59.18,61.09,63.04,RADIO-7
2047-03-15 01:09:50,60.41,66.89,48.43,59.47,52.81,58.63,62.36,61.6,70.77,RADIO-7
2047-03-15 02:04:30,,59.82,55.73,50.51,62.81,63.11,64.83,57.12,68.39,RADIO-7
2047-03-15 00:36:40,73.89,63.23,64.23,57.6,59.65,67.2,57.43,55.26,61.77,RADIO-7
2047-03-15 01:24:40,60.29,59.2,57.3,58.8,55.45,52.66,55.64,63.39,59.54,RADIO-7
2047-03-15 01:58:20,61.27,70.4,53.03,60.27,60.81,66.44,62.01,71.09,60.59,RADIO-7
2047-03-15 02:25:50,70.77,58.1,68.13,63.08,60.12,,60.92,48.8,52.96,RADIO-7
2047-03-15 01:41:10,52.53,63.05,50.72,42.87,,61.13,70.34,65.88,50.95,RADIO-7
2047-03-15 01:04:30,71.26,57.8,52.22,56.71,61.28,51.47,64.91,58.21,49.34,RADIO-7
2047-03-15 00:15:30,,65.03,68.66,66.34,59.26,54.77,54.13,56.67,58.63,RADIO-7
2047-03-15 02:05:10,51.89,67.57,57.78,60.28,62.44,55.4,65.87,61.39,50.85,RADIO-7
2047-03-15 03:12:30,66.06,61.57,59.81,61.77,65.15,47.57,65.73,72.05,59.98,RADIO-7
2047-03-15 01:48:30,66.76,70.65,55.74,61.26,60.67,57.93,58.15,53.23,65.97,RADIO-7
2047-03-15 00:24:40,63.13,51.8,66.13,68.57,,51.13,54.6,57.39,55.91,RADIO-7
2047-03-15 02:05:30,66.32,56.08,57.75,49.96,63.83,62.19,51.66,63.45,54.84,RADIO-7
2047-03-15 01:20:20,50.36,54.58,56.36,70.07,66.16,54.68,58.71,65.89,61.64,RADIO-7
2047-03-15 01:07:00,60.03,56.12,62.1,60.11,60.9,57.81,62.91,62.98,56.42,RADIO-7
2047-03-15 00:41:30,62.43,60.13,65.41,51.4,58.88,66.04,58.47,53.25,64.11,RADIO-7
2047-03-15 00:56:40,55.07,59.83,62.49,,56.56,54.44,63.66,55.49,56.6,RADIO-7
2047-03-15 02:36:30,56.62,,70.78,64.6,60.59,52.19,62.08,60.13,71.21,RADIO-7
2047-03-15 00:33:20,62.15,53.72,48.74,,57.46,56.69,101.0,57.69,65.6,RADIO-7
2047-03-15 02:25:20,51.72,60.53,65.29,67.77,56.15,51.9,56.29,53.99,57.02,RADIO-7
2047-03-15 00:15:10,65.81,74.96,55.86,65.04,52.68,60.56,,54.17,58.19,RADIO-7
2047-03-15 02:02:00,62.45,57.21,49.61,64.53,67.89,,58.95,61.46,71.37,RADIO-7
2047-03-15 01:30:00,65.01,59.37,65.98,63.71,53.68,,64.26,68.49,58.93,RADIO-7
2047-03-15 01:55:10,66.96,60.04,64.56,57.42,66.13,55.78,,57.91,51.65,RADIO-7
2047-03-15 01:37:20,61.09,60.49,50.07,57.13,,69.57,61.16,58.65,56.22,RADIO-7
2047-03-15 01:13:40,47.6,59.52,68.86,50.3,64.51,51.7,57.34,59.58,58.44,RADIO-7
2047-03-15 01:41:30,68.98,65.37,57.17,53.24,66.71,61.22,48.46,66.89,55.87,RADIO-7
2047-03-15 03:12:31,66.06,61.57,59.81,61.77,65.15,47.57,65.73,72.05,59.98,RADIO-7
2047-03-15 00:46:40,60.68,64.33,64.07,61.81,54.04,60.68,58.65,53.26,60.28,RADIO-7
2047-03-15 01:08:20,64.27,58.25,59.3,60.14,60.64,62.64,61.41,60.87,65.53,RADIO-7
2047-03-15 02:35:00,56.67,62.63,65.48,61.01,59.13,55.31,58.36,68.46,69.24,RADIO-7
2047-03-15 02:56:10,67.04,57.48,57.74,54.35,56.89,59.84,61.37,60.31,54.68,RADIO-7
2047-03-15 01:34:40,48.78,60.74,49.08,65.92,57.07,61.31,64.16,63.2,53.81,RADIO-7
2047-03-15 02:32:30,61.67,56.92,62.5,54.52,57.45,52.28,59.04,50.78,65.8,RADIO-7
2047-03-15 01:55:40,63.56,59.47,54.82,,62.59,63.12,48.39,67.3,60.62,RADIO-7
2047-03-15 03:16:30,53.38,61.56,53.6,40.94,62.92,55.65,61.38,57.97,,RADIO-7
2047-03-15 01:54:30,57.75,62.54,67.31,61.11,62.57,54.45,50.07,71.95,,RADIO-7
2047-03-15 00:55:50,59.12,50.43,56.81,62.33,60.3,60.5,53.55,56.18,60.74,RAD1O-7
2047-03-15 01:47:00,58.44,56.71,56.48,56.46,,54.88,63.95,62.42,57.13,RADIO-7
2047-03-15 00:52:20,67.83,59.5,62.21,51.01,59.19,66.61,52.94,66.65,63.93,RADIO-7
2047-03-15 02:10:20,62.28,56.24,53.38,56.13,69.86,60.35,59.56,58.7,54.47,RADIO-7
2047-03-15 02:33:50,55.8,58.42,61.55,72.45,56.38,55.7,59.92,50.31,59.63,RADIO-7
2047-03-15 03:16:00,49.84,57.84,55.01,59.85,69.92,67.12,51.81,50.34,50.57,RADIO-7
2047-03-15 03:15:30,59.62,63.01,61.16,60.12,47.08,63.62,45.36,43.53,68.09,RADIO-7
2047-03-15 01:24:20,56.45,64.04,57.5,58.23,59.23,67.61,69.46,64.4,,RADIO-7
2047-03-15 02:58:10,62.08,59.51,58.69,60.21,57.68,47.52,64.76,59.43,56.4,RADIO-7
2047-03-15 00:22:10,62.84,68.94,54.49,60.87,66.73,60.21,68.37,68.3,52.53,RADIO-7
2047-03-15 00:15:20,55.79,59.96,57.04,67.31,56.58,59.02,56.24,59.32,75.18,RADIO-7
2047-03-15 02:19:00,59.79,66.36,52.32,56.68,55.3,62.32,,67.06,,RADIO-7
2047-03-15 01:38:40,,59.04,60.43,67.7,60.62,68.82,54.45,59.07,66.46,RADIO-7
2047-03-15 02:28:41,66.4,63.73,67.66,56.46,61.99,52.53,59.38,50.6,53.47,RADIO-7
2047-03-15 02:56:40,64.63,62.62,70.17,68.89,67.46,69.22,56.89,,68.43,RADIO-7
2047-03-15 01:05:40,67.08,45.82,59.81,47.61,48.92,54.58,68.68,53.05,67.17,RADIO-7
2047-03-15 02:57:40,52.23,49.33,57.53,56.15,56.06,57.69,65.02,68.6,65.11,RADIO-7
2047-03-15 03:14:30,63.38,49.76,66.45,58.48,67.34,59.32,62.3,63.1,69.47,RADIO-7
2047-03-15 01:35:50,46.73,52.08,60.63,62.95,64.44,66.94,63.61,54.52,58.8,RADIO-7
2047-03-15 01:35:30,58.69,61.17,71.92,54.2,59.59,57.18,62.66,67.97,62.14,RADIO-7
2047-03-15 03:08:20,,171.92,68.98,52.87,54.2,59.55,58.71,64.86,50.58,RADIO-7
2047-03-15 00:46:20,60.42,168.12,60.57,50.8,62.01,52.74,71.51,62.54,53.34,RADIO-7
2047-03-15 02:02:30,,50.98,62.66,56.13,75.01,63.06,65.1,56.81,59.6,RADIO-7
2047-03-15 02:55:40,56.7,52.49,42.42,64.22,51.71,60.86,60.69,64.67,54.9,RADIO-7
2047-03-15 00:46:30,57.69,57.38,58.42,58.82,68.87,60.34,57.88,50.37,70.28,RADIO-7
2047-03-15 01:46:30,52.23,58.75,58.76,59.53,59.64,59.75,57.83,59.96,65.04,RADIO-7
2047-03-15 00:56:10,58.07,56.8,62.05,,64.37,57.33,47.28,58.56,65.15,RADIO-7
2047-03-15 00:37:50,53.53,53.38,64.19,62.93,57.36,62.36,52.97,65.77,56.4,RADIO-7
2047-03-15 01:56:20,65.54,63.37,59.22,54.09,46.83,53.22,51.96,60.64,66.52,RADIO-7
2047-03-15 00:01:20,57.18,51.58,64.87,51.9,68.56,66.84,52.38,56.24,51.44,RADIO-7
2047-03-15 00:14:10,56.99,52.01,65.16,54.9,57.15,,53.66,64.54,65.95,RADIO-7
2047-03-15 02:57:50,66.96,61.92,60.79,69.99,55.81,58.77,53.59,48.84,,RADIO-7
2047-03-15 02:32:50,61.12,54.03,54.11,62.06,58.43,75.36,62.03,54.02,67.63,RADIO-7
2047-03-15 00:11:20,62.17,55.59,64.1,59.15,60.88,65.2,61.1,52.75,54.45,RADIO-7
2047-03-15 03:07:00,63.83,62.75,54.21,60.16,63.86,57.13,70.85,,,RADIO-7
2047-03-15 00:16:00,61.78,,58.33,56.57,49.87,53.14,55.05,63.21,60.74,RADIO-7
2047-03-15 00:56:50,61.46,70.63,62.78,67.38,63.22,59.32,59.76,69.12,70.81,RADIO-7
2047-03-15 00:20:10,54.54,63.18,77.91,70.22,61.83,60.89,59.29,61.21,61.43,RADIO-7
2047-03-15 00:26:00,71.19,56.72,44.19,60.62,58.83,59.05,61.84,57.89,64.64,RADIO-7
2047-03-15 02:58:00,57.19,56.97,57.27,54.86,56.08,69.63,,55.89,60.39,RADIO-7
2047-03-15 02:39:50,62.69,63.35,54.12,63.93,65.12,60.58,55.43,61.85,68.18,RADIO-7
2047-03-15 02:47:50,63.81,62.13,60.76,62.94,57.83,68.12,50.64,57.44,59.34,RADIO-7
2047-03-15 01:45:30,57.44,61.72,54.11,63.03,57.93,55.43,58.38,52.92,53.38,RADIO-7
2047-03-15 01:18:20,58.35,58.57,56.18,63.43,67.74,60.23,64.5,66.35,57.35,RADIO-7
2047-03-15 01:32:50,57.4,65.72,58.58,57.14,54.57,,,57.86,56.26,RADIO-7
2047-03-15 02:00:30,64.46,61.44,57.85,53.54,56.31,45.04,67.74,60.08,58.35,RADIO-7
2047-03-15 00:48:50,65.1,61.11,59.19,48.55,70.22,62.62,60.01,59.28,58.7,RADIO-7
2047-03-15 02:08:40,63.79,63.94,52.1,53.45,57.94,46.69,56.07,63.79,61.98,RADIO-7
2047-03-15 01:09:00,61.99,58.92,71.13,59.53,62.16,62.19,69.03,61.88,64.94,RADIO-7
2047-03-15 02:57:20,57.83,64.08,61.05,64.31,56.6,61.42,,63.22,64.07,RADIO-7
2047-03-15 03:13:50,50.13,66.68,67.17,62.31,51.75,51.96,57.38,68.34,69.61,RADIO-7
2047-03-15 00:27:20,65.78,67.18,54.63,61.35,,69.48,66.23,45.87,60.89,RADIO-7
2047-03-15 00:20:00,64.75,60.34,,,69.98,59.31,63.81,58.6,58.05,RADIO-7
2047-03-15 02:30:50,60.28,69.86,66.37,62.28,47.49,61.73,48.11,,64.58,RADIO-7
2047-03-15 01:56:00,,,66.25,53.67,59.23,65.98,67.98,52.42,45.87,RADIO-7
2047-03-15 00:47:00,69.52,70.36,58.02,48.94,60.51,65.52,56.65,49.88,52.8,RADIO-7
2047-03-15 01:00:40,64.14,64.42,61.52,56.35,64.77,68.34,62.18,59.61,69.53,RADIO-7
2047-03-15 02:04:20,61.12,62.26,55.75,59.72,72.22,,66.73,58.51,65.33,RADIO-7
2047-03-15 00:51:40,58.69,53.15,55.09,51.51,57.12,58.89,70.47,59.33,61.31,RAD1O-7
2047-03-15 01:25:00,61.62,66.64,56.79,66.88,58.37,69.31,62.13,,55.82,RADIO-7
2047-03-15 00:29:50,76.32,70.96,70.55,59.48,46.68,65.26,62.38,62.59,62.21,RADIO-7
2047-03-15 02:31:50,61.31,59.02,62.7,66.35,53.78,68.04,,54.28,60.13,RADIO-7
2047-03-15 02:14:50,54.63,65.63,62.71,65.26,60.23,52.17,66.19,65.32,61.16,RADIO-7
2047-03-15 02:16:40,56.9,60.36,53.7,68.22,58.08,71.95,45.69,61.72,66.34,RADIO-7
2047-03-15 00:11:30,56.13,67.42,58.74,62.03,56.87,57.02,54.99,56.6,61.61,RADIO-7
2047-03-15 02:10:30,63.66,65.17,58.02,61.19,62.35,58.41,71.34,62.13,60.6,RADIO-7
2047-03-15 01:27:10,63.42,63.69,59.61,61.25,61.26,64.84,60.08,59.26,50.35,RADIO-7
2047-03-15 03:13:10,58.05,62.45,52.2,64.33,72.32,57.58,56.44,57.99,54.58,RADIO-7
2047-03-15 02:49:30,57.1,59.6,61.25,42.97,61.06,54.88,47.72,62.31,58.42,RADIO-7
2047-03-15 02:14:00,57.39,48.64,54.29,59.25,62.51,54.82,,53.27,57.47,RADIO-7
2047-03-15 02:15:50,51.09,58.84,70.69,63.65,44.68,61.07,68.07,67.21,58.83,RADIO-7
2047-03-15 00:20:30,51.59,62.92,58.12,49.28,68.49,61.26,61.47,53.9,60.14,RADIO-7
2047-03-15 02:23:50,70.78,59.38,67.04,66.98,51.13,61.54,65.97,55.4,54.93,RADIO-7
2047-03-15 00:09:40,61.99,55.77,63.13,60.96,60.78,75.85,56.49,54.81,67.83,RADIO-7
2047-03-15 03:11:20,69.57,64.16,53.33,54.79,50.13,,63.5,56.23,48.63,RADIO-7
2047-03-15 01:00:30,62.41,65.3,56.21,64.61,60.1,64.1,65.24,63.47,58.59,RADIO-7
2047-03-15 02:26:11,61.34,,60.81,64.54,68.07,55.6,66.82,62.39,66.92,RADIO-7
2047-03-15 00:44:10,52.51,63.53,51.8,55.63,58.77,60.84,54.84,65.16,59.82,RADIO-7
2047-03-15 02:18:50,55.39,63.03,71.47,,61.79,60.65,64.71,59.2,59.71,RADIO-7
2047-03-15 03:00:20,58.07,67.16,57.83,68.83,64.03,55.32,64.84,51.55,58.92,RADIO-7
2047-03-15 00:41:20,70.59,67.43,60.09,59.1,66.73,49.83,67.42,,55.03,RADIO-7
CORRUPTED_TS_6590,54.96,153.02,65.25,68.18,,72.35,67.14,55.59,57.33,RADIO-7
2047-03-15 01:40:40,62.48,49.18,63.34,60.66,54.89,59.64,59.04,59.07,60.13,RADIO-7
2047-03-15 02:48:40,72.45,65.29,71.95,68.65,61.31,65.24,55.28,,68.3,RADIO-7
2047-03-15 02:59:40,69.13,64.13,66.92,65.17,55.1,63.35,54.81,60.72,56.82,RADIO-7
2047-03-15 01:31:40,60.52,43.78,67.24,59.64,63.68,59.9,32.0,61.43,60.21,RADIO-7
2047-03-15 00:24:30,52.08,65.61,56.61,61.07,51.99,57.77,52.27,67.07,53.06,RADIO-7
2047-03-15 00:41:50,65.51,70.21,69.12,62.96,62.11,57.85,62.85,63.37,59.06,RADIO-7
2047-03-15 02:40:00,63.86,53.33,53.08,53.58,60.18,66.7,59.15,68.54,57.37,RADIO-7
2047-03-15 03:10:00,58.21,,61.99,63.11,52.07,40.67,60.52,61.97,65.83,RADIO-7
2047-03-15 00:35:20,65.72,62.74,58.79,54.86,60.05,,58.64,61.31,62.31,RADIO-7
2047-03-15 01:13:20,,60.15,61.77,61.23,59.39,48.6,47.59,55.76,60.74,RADIO-7
2047-03-15 02:56:00,59.85,65.32,66.53,58.11,46.66,58.38,66.73,64.69,68.6,RADIO-7
2047-03-15 01:34:00,67.21,58.52,67.34,57.4,58.86,59.87,68.81,64.13,45.14,RADIO-7
2047-03-15 00:55:00,59.93,60.85,,64.03,62.62,,67.57,57.29,55.77,RADIO-7
2047-03-15 01:12:00,58.38,,69.38,53.09,53.66,51.11,65.79,57.08,63.03,RADIO-7
2047-03-15 00:46:00,61.19,59.27,62.1,65.7,60.25,65.46,46.53,61.24,71.38,RADIO-7
2047-03-15 03:03:00,,63.9,58.9,,60.23,54.74,58.88,60.4,63.13,RADIO-7
CORRUPTED_TS_8018,59.57,70.43,,59.5,58.63,57.14,59.47,61.26,56.94,RADIO-7
2047-03-15 02:44:30,65.26,58.4,60.47,65.51,71.65,72.55,63.79,70.48,61.93,RADIO-7
2047-03-15 00:48:30,57.04,75.35,58.54,63.5,55.77,68.8,55.35,61.21,65.49,RADIO-7
2047-03-15 02:30:10,57.64,54.59,54.37,51.88,58.7,60.33,,65.08,68.13,RADIO-7
2047-03-15 01:14:40,56.92,67.12,56.35,59.37,64.92,46.48,54.02,,62.75,RADIO-7
2047-03-15 01:04:10,60.9,64.16,57.89,47.51,48.27,67.61,55.06,61.35,57.64,RADIO-7
2047-03-15 02:52:50,51.21,54.28,52.34,52.68,68.67,148.9,54.08,59.35,52.86,RADIO-7
2047-03-15 01:27:20,55.42,54.39,60.55,61.85,61.19,66.72,69.82,53.29,58.32,RADIO-7
2047-03-15 00:50:30,63.66,59.98,66.14,54.34,60.47,,60.6,63.83,59.75,RADIO-7
2047-03-15 01:21:10,53.51,61.21,68.33,,68.18,51.56,63.26,59.23,51.71,RADIO-7
2047-03-15 00:06:31,61.18,69.77,,62.75,56.08,64.9,54.02,63.06,58.56,RADIO-7
2047-03-15 03:11:30,,,59.79,60.59,51.03,55.57,67.7,47.68,59.04,RADIO-7
2047-03-15 02:36:40,,60.99,64.24,53.76,62.03,57.43,56.22,54.39,51.64,RADIO-7
2047-03-15 02:42:00,65.04,58.08,68.71,64.85,64.19,71.47,61.58,56.46,,RADIO-7
2047-03-15 00:11:10,66.02,54.58,60.23,63.54,59.78,66.58,60.47,68.41,57.7,RADIO-7
2047-03-15 00:03:10,51.53,72.87,52.04,65.37,,,49.56,56.94,56.11,RADIO-7
2047-03-15 02:26:10,61.34,,60.81,64.54,68.07,55.6,66.82,62.39,66.92,RADIO-7
2047-03-15 00:54:00,53.96,57.77,71.78,58.42,64.13,57.05,59.56,59.17,60.28,RADIO-7
2047-03-15 00:43:20,54.44,59.17,52.95,57.29,58.17,68.5,,,63.63,RADIO-7
2047-03-15 00:21:40,50.7,,62.84,65.15,66.58,61.81,77.66,54.71,52.34,RADIO-7
2047-03-15 01:08:10,63.09,58.49,56.7,63.8,60.37,61.09,59.71,64.6,64.91,RADIO-7
2047-03-15 01:06:40,50.43,144.36,61.1,54.82,58.02,61.98,32.0,55.1,55.93,RADIO-7
2047-03-15 01:51:31,66.55,57.54,64.16,65.58,60.75,64.22,64.35,64.35,63.03,RADI0-7
2047-03-15 00:09:00,,67.37,64.09,60.9,67.09,62.05,64.32,53.39,62.52,RADIO-7
2047-03-15 02:40:30,64.25,66.84,51.87,61.32,51.57,57.95,59.87,60.84,59.09,RADIO-7
2047-03-15 02:35:10,71.29,60.12,50.73,65.67,,65.12,63.51,58.14,56.84,RADIO-7
2047-03-15 03:12:00,56.17,64.1,62.08,58.58,55.7,54.74,62.57,63.33,46.51,RADIO-7
2047-03-15 00:25:00,61.5,52.98,50.48,56.48,,71.35,107.0,52.03,57.09,RADIO-7
2047-03-15 03:02:10,60.31,,56.79,63.16,50.88,67.15,73.14,62.35,59.47,RADIO-7
2047-03-15 01:52:00,57.94,58.15,61.21,178.08,57.76,62.21,77.19,50.41,71.81,RADIO-7
2047-03-15 02:54:20,63.91,54.61,59.33,51.64,77.56,60.07,60.12,,71.78,RADIO-7
2047-03-15 02:52:40,52.65,60.09,63.44,63.14,,150.68,65.48,60.69,55.24,RADIO-7
2047-03-15 00:17:40,71.32,60.17,77.69,56.85,57.02,74.03,66.13,66.29,69.35,RADIO-7
2047-03-15 02:03:50,60.16,57.94,,66.15,58.81,51.05,62.67,57.65,54.19,RADIO-7
2047-03-15 03:09:20,67.14,63.13,64.07,55.25,67.36,56.08,54.18,55.21,69.05,RADIO-7
2047-03-15 01:13:50,59.47,62.71,52.99,61.8,63.93,65.41,60.05,58.28,60.75,RADIO-7
2047-03-15 02:04:50,51.56,59.69,54.62,56.64,67.97,158.2,60.05,62.5,58.71,RADIO-7
2047-03-15 02:05:50,75.79,68.25,50.21,64.3,51.29,45.69,72.6,57.22,75.44,RADIO-7
2047-03-15 00:04:00,56.73,58.89,50.81,71.39,59.62,58.09,59.93,63.68,52.64,RADIO-7
2047-03-15 02:15:10,57.36,55.42,52.93,59.63,70.6,51.4,62.59,54.45,61.07,RADIO-7
2047-03-15 01:50:10,56.72,64.86,58.13,58.28,63.96,56.22,60.89,60.23,65.37,RADIO-7
2047-03-15 02:19:40,65.91,59.85,61.11,57.96,57.96,56.53,59.5,54.97,69.7,RADIO-7
2047-03-15 01:28:50,52.73,58.18,65.73,67.63,67.16,67.53,60.01,54.08,58.36,RADIO-7
2047-03-15 03:04:50,71.48,65.33,56.8,165.64,54.59,62.12,58.41,64.97,56.67,RADIO-7
2047-03-15 00:13:40,68.87,64.25,71.96,61.07,54.89,67.33,71.8,71.48,65.93,RADIO-7
2047-03-15 00:42:30,,49.44,65.13,59.09,53.27,46.77,53.7,52.95,63.55,RADIO-7
2047-03-15 02:35:40,62.64,57.88,68.4,64.45,56.56,65.27,50.82,63.06,,RADIO-7
2047-03-15 02:24:50,72.06,65.56,63.88,62.32,68.13,52.07,57.83,57.4,65.7,RADIO-7
2047-03-15 03:09:10,65.78,63.45,69.57,65.75,62.65,,62.33,,40.6,RADIO-7
2047-03-15 02:28:40,66.4,63.73,67.66,56.46,61.99,52.53,59.38,50.6,53.47,RADIO-7
2047-03-15 02:25:30,55.61,61.18,64.33,63.27,76.95,57.27,55.23,66.2,,RADIO-7
2047-03-15 01:42:10,53.25,65.38,51.62,48.84,65.26,,57.61,60.89,59.33,RADIO-7
2047-03-15 01:03:10,55.15,55.14,62.88,53.7,60.09,60.43,51.43,58.97,49.44,RADIO-7
2047-03-15 00:12:40,60.52,73.92,58.61,60.44,51.96,52.33,53.67,60.92,53.84,RADIO-7
2047-03-15 01:04:40,65.7,55.03,57.26,71.54,,65.06,62.38,64.08,54.11,RADIO-7
2047-03-15 02:36:00,53.87,60.61,51.81,61.3,,68.68,54.55,68.35,66.58,RADIO-7
2047-03-15 01:07:40,53.59,60.74,59.52,43.77,66.96,59.51,54.61,54.8,66.13,RADIO-7
2047-03-15 02:12:20,53.51,62.11,50.79,65.04,66.75,58.8,55.76,53.95,64.3,RADIO-7
2047-03-15 01:59:10,66.62,56.74,61.51,66.04,50.89,62.76,60.01,65.47,65.49,RADIO-7
2047-03-15 02:50:30,72.85,58.91,62.51,64.63,67.18,60.2,62.7,60.69,68.12,RADIO-7
2047-03-15 02:37:31,53.58,68.94,69.77,63.51,62.2,66.5,59.85,59.03,62.69,RADIO-7
2047-03-15 00:41:00,57.15,56.83,57.78,66.55,47.55,63.22,64.66,46.78,61.61,RADIO-7
2047-03-15 00:24:10,64.69,51.09,,,66.24,58.68,,71.56,63.91,RADIO-7
2047-03-15 03:10:30,60.75,56.84,53.54,62.49,50.73,49.91,52.02,56.59,57.65,RADIO-7
2047-03-15 03:07:40,61.82,53.45,58.81,61.26,64.03,60.14,59.04,52.87,57.39,RADIO-7
2047-03-15 01:43:40,71.29,58.65,57.53,59.97,65.56,62.19,57.03,,47.63,RADIO-7
2047-03-15 02:18:01,57.48,61.26,64.68,60.61,55.13,58.96,50.25,49.39,66.64,RADIO-7
2047-03-15 01:16:40,71.79,67.9,,64.5,67.52,57.72,68.23,,60.84,RADIO-7
2047-03-15 01:21:00,56.12,57.21,56.84,65.16,52.7,58.63,57.13,62.03,54.19,RADIO-7
2047-03-15 03:14:10,74.64,69.2,60.31,61.5,60.76,59.3,62.11,,65.6,RADIO-7
2047-03-15 00:15:00,60.58,62.33,59.92,63.2,55.07,,42.27,67.6,62.91,RADIO-7
2047-03-15 01:22:00,60.46,65.23,64.61,59.32,51.02,65.75,68.96,54.39,45.25,RADIO-7
2047-03-15 00:28:20,54.66,58.96,60.23,66.01,69.17,54.7,61.25,55.68,36.47,RADIO-7
2047-03-15 00:09:20,54.96,70.04,56.52,60.04,65.22,60.45,59.5,66.04,63.64,RADIO-7
2047-03-15 01:07:20,57.3,57.1,59.43,51.8,74.29,63.13,61.83,62.4,67.18,RADIO-7
2047-03-15 01:39:50,62.26,60.13,59.07,63.43,61.87,70.45,49.13,64.81,61.84,RADIO-7
2047-03-15 02:49:10,61.19,61.6,59.12,58.14,64.1,62.43,61.44,54.64,61.77,RADIO-7
2047-03-15 00:16:10,61.57,58.26,58.32,62.13,53.28,60.52,53.65,67.25,63.69,RADIO-7
2047-03-15 02:17:40,69.48,70.8,54.92,62.1,,51.03,53.15,57.05,59.76,RADIO-7
2047-03-15 01:19:50,66.72,57.41,58.88,58.17,60.47,61.77,54.75,56.11,53.76,RADIO-7
2047-03-15 00:53:50,72.55,54.24,,50.33,59.58,,62.71,61.92,66.28,RADIO-7
2047-03-15 03:03:40,72.53,57.7,60.27,64.13,59.09,60.62,55.67,61.05,,RADIO-7
2047-03-15 00:16:20,60.03,61.6,64.74,65.6,64.03,61.4,55.71,49.32,67.22,RADIO-7
2047-03-15 01:10:40,63.87,71.24,59.69,55.93,77.61,56.7,76.33,65.3,64.59,RADIO-7
2047-03-15 00:49:20,65.4,72.37,66.49,68.36,65.33,54.43,56.9,74.07,57.34,RADIO-7
2047-03-15 02:02:50,65.9,62.81,53.87,63.02,57.88,61.99,74.51,66.3,69.74,RADIO-7
2047-03-15 03:12:50,73.51,60.86,60.74,67.69,,55.35,54.66,64.4,59.27,RADIO-7
2047-03-15 02:30:20,60.17,54.78,61.3,50.5,60.35,62.53,57.12,63.21,64.67,RADIO-7
2047-03-15 01:40:10,54.47,,54.84,53.46,57.62,60.35,55.92,66.44,61.28,RADIO-7
2047-03-15 02:46:30,63.44,62.93,57.57,67.86,56.1,62.39,60.48,63.84,62.15,RADIO-7
2047-03-15 01:05:50,57.18,53.94,54.91,60.17,57.43,64.86,56.03,49.11,67.81,RADIO-7
2047-03-15 01:11:00,54.21,57.32,67.48,55.31,57.43,55.11,66.61,53.51,61.47,RADIO-7
2047-03-15 03:05:00,58.86,58.08,67.32,56.35,,54.12,54.58,45.65,67.05,RADIO-7
2047-03-15 02:53:00,61.35,57.56,52.27,47.9,52.63,46.29,69.7,64.96,57.24,RADIO-7
2047-03-15 00:42:00,72.73,61.44,63.06,67.78,62.05,75.83,53.62,63.38,64.12,RADIO-7
2047-03-15 00:39:40,56.03,62.95,53.8,54.19,69.74,55.46,50.92,63.06,54.01,RADIO-7
2047-03-15 02:20:40,61.13,55.07,58.96,48.38,64.56,74.65,65.72,58.2,62.92,RADIO-7
2047-03-15 02:20:50,62.95,66.73,64.63,55.43,49.54,62.62,64.73,55.42,61.18,RADIO-7
2047-03-15 01:32:20,62.03,63.07,54.31,65.94,56.76,58.32,,58.31,60.46,RADIO-7
2047-03-15 01:30:50,55.22,146.54,53.11,44.22,70.05,57.78,55.14,59.12,66.71,RADIO-7
2047-03-15 00:41:40,52.43,61.85,54.55,56.85,64.37,56.58,32.0,53.47,56.16,RADIO-7
2047-03-15 02:03:10,66.09,60.59,58.39,58.1,65.71,53.83,58.29,64.78,53.24,RADIO-7
2047-03-15 02:40:40,59.46,69.48,55.75,64.75,60.64,61.17,49.39,66.67,73.8,RADIO-7
2047-03-15 00:33:00,,67.2,67.2,,64.85,58.21,62.29,53.59,59.31,RADIO-7
2047-03-15 02:29:30,60.88,53.57,,66.46,55.53,,66.98,55.74,60.52,RADIO-7
2047-03-15 02:59:50,65.1,62.78,68.32,61.51,61.93,59.06,66.81,66.26,64.83,N/A
2047-03-15 02:44:50,60.16,63.53,60.83,53.52,60.57,59.65,65.68,64.85,57.78,RADIO-7
2047-03-15 02:53:20,70.1,60.64,60.87,64.88,,64.6,61.28,49.45,61.64,RADIO-7
2047-03-15 00:40:30,65.19,52.22,56.09,51.77,55.12,65.57,64.73,61.11,52.49,RADIO-7
2047-03-15 00:11:00,59.57,59.33,55.42,64.39,61.15,54.99,65.24,63.62,59.32,RADIO-7
2047-03-15 03:16:10,59.41,52.04,56.17,67.21,63.74,54.21,54.43,64.52,58.16,RADIO-7
2047-03-15 02:35:30,46.81,63.55,63.44,54.73,58.86,59.94,71.13,65.23,64.89,RADIO-7
2047-03-15 00:59:50,55.04,58.37,63.74,61.12,53.22,51.13,58.72,68.77,62.56,RADIO-7
2047-03-15 00:15:50,51.22,59.41,64.88,58.11,59.94,64.43,57.49,64.45,55.22,RADIO-7
2047-03-15 03:19:50,68.18,60.42,58.64,64.44,52.98,51.12,59.77,58.05,67.34,RADIO-7
2047-03-15 03:02:11,60.31,,56.79,63.16,50.88,67.15,73.14,62.35,59.47,RADIO-7
2047-03-15 01:26:50,63.26,58.44,64.47,59.18,52.81,59.55,68.63,62.36,57.1,RADIO-7
2047-03-15 02:42:20,57.32,54.99,49.9,55.5,61.85,68.1,57.18,55.14,53.32,RADIO-7
2047-03-15 01:50:50,60.64,50.03,61.93,62.96,59.87,54.46,53.89,57.8,62.4,RADIO-7
2047-03-15 01:00:10,69.2,55.52,55.17,71.34,47.55,66.75,53.23,52.23,55.29,RADIO-7
2047-03-15 01:20:40,55.46,52.93,43.51,,69.71,64.22,65.97,70.43,63.59,RADIO-7
2047-03-15 00:51:50,66.59,58.84,69.19,61.31,75.24,67.27,74.43,57.28,65.81,RADIO-7
2047-03-15 02:20:20,53.26,56.86,49.99,63.31,43.13,71.23,51.35,59.92,59.48,RADIO-7
2047-03-15 01:08:50,67.67,59.53,58.07,61.19,62.4,61.99,57.65,64.11,57.2,RADIO-7
2047-03-15 00:05:10,71.11,51.78,53.88,56.19,52.88,57.45,70.13,59.53,59.42,RADIO7
2047-03-15 02:07:30,55.78,60.54,,72.59,64.14,62.48,57.24,59.62,63.87,RADIO-7
2047-03-15 01:16:20,56.68,53.96,67.08,65.77,50.24,55.81,64.56,50.38,62.87,RADIO-7
2047-03-15 00:56:30,56.62,42.77,65.12,55.36,56.05,59.73,58.13,51.11,48.53,RADIO-7
2047-03-15 00:47:40,59.09,51.49,62.82,46.82,59.9,53.76,67.37,53.27,59.16,RADI0-7
2047-03-15 01:02:01,68.71,61.76,58.94,62.09,57.51,66.71,,55.27,65.07,RADIO-7
2047-03-15 02:38:10,61.46,50.14,59.18,58.61,54.14,64.22,56.65,58.01,64.28,RADIO-7
2047-03-15 00:23:10,52.61,61.02,60.33,51.91,,65.73,67.26,63.88,62.44,RADIO-7
2047-03-15 02:21:20,56.17,58.03,61.37,62.88,68.69,75.18,,,57.96,RADIO-7
2047-03-15 02:50:50,62.62,177.4,,67.57,49.95,62.4,57.12,60.14,58.29,RADIO-7
2047-03-15 02:30:00,62.21,62.26,62.03,54.25,59.85,65.68,101.0,62.53,,RADIO-7
2047-03-15 02:01:50,54.13,62.98,59.77,53.08,55.5,54.7,68.08,72.08,56.8,RADIO-7
2047-03-15 00:44:00,58.48,56.52,62.78,57.77,64.46,56.4,72.67,58.05,60.69,RADIO-7
2047-03-15 00:45:40,54.11,55.29,53.95,55.56,61.21,57.58,59.43,57.95,61.91,RADIO-7
2047-03-15 03:02:20,64.4,55.02,63.07,58.85,62.71,64.05,65.29,54.44,64.11,RADIO-7
2047-03-15 01:14:00,52.17,53.63,61.3,65.59,65.83,64.7,65.67,62.61,55.03,RADIO-7
2047-03-15 00:06:30,61.18,69.77,,62.75,56.08,64.9,54.02,63.06,58.56,RADIO-7
2047-03-15 00:03:30,58.65,61.86,67.02,62.11,58.9,62.4,46.35,65.66,56.94,RADIO-7
2047-03-15 01:57:30,63.64,62.69,62.17,50.41,65.05,53.02,59.57,57.94,52.36,RADIO-7
2047-03-15 01:26:10,54.13,61.14,64.01,48.66,58.68,60.87,67.07,56.95,62.6,RADIO-7
2047-03-15 00:59:00,59.89,58.64,59.56,56.52,54.78,47.54,65.13,56.06,61.52,RADIO-7
2047-03-15 00:49:30,61.84,67.25,52.13,64.26,53.27,53.2,72.75,51.6,58.38,RADIO-7
2047-03-15 02:59:20,50.66,64.08,65.87,64.16,50.29,64.8,74.76,61.63,66.62,RADIO-7
2047-03-15 02:19:50,58.72,49.39,65.63,63.13,61.39,58.45,73.52,52.72,56.04,RADIO-7
2047-03-15 02:34:00,67.17,60.13,,67.08,57.31,47.81,58.13,51.33,61.37,RADIO-7
2047-03-15 00:20:20,68.42,59.58,62.2,50.17,63.52,55.43,57.27,57.03,60.62,RADIO-7
2047-03-15 03:01:50,59.78,65.87,58.72,61.46,64.29,70.06,73.26,59.73,65.23,RADIO-7
2047-03-15 01:09:30,60.69,55.49,62.21,64.18,56.96,68.86,68.97,60.49,62.75,RADIO-7
2047-03-15 02:41:00,55.94,55.13,56.84,65.11,63.76,56.53,70.48,58.06,67.73,RADIO-7
2047-03-15 00:26:10,62.84,62.35,60.02,72.25,66.36,54.49,58.61,72.89,57.03,RADIO-7
2047-03-15 03:06:20,61.21,56.65,67.68,64.34,63.88,54.96,55.05,58.8,,RADIO-7
2047-03-15 02:57:10,49.56,53.57,66.14,57.17,49.24,60.7,59.48,61.55,49.71,RADIO-7
2047-03-15 00:31:30,,55.48,59.62,67.82,74.35,,65.13,58.74,56.39,RADIO-7
2047-03-15 01:38:10,54.86,68.04,74.47,59.62,46.93,61.62,66.77,57.33,72.7,RADIO-7
2047-03-15 02:06:40,56.55,59.67,56.36,61.84,53.73,64.92,,56.75,60.52,RAD1O-7
2047-03-15 02:57:00,66.89,67.41,60.94,56.61,57.99,55.73,58.86,59.42,65.7,RADIO-7
2047-03-15 00:40:20,63.03,61.09,54.91,65.87,58.98,68.13,60.55,66.86,56.72,RADIO-7
2047-03-15 02:27:20,64.09,56.7,50.63,59.8,56.61,61.08,51.25,61.19,63.42,RADIO-7
2047-03-15 01:43:20,55.26,59.21,67.2,45.65,60.2,45.73,63.59,61.13,67.9,RADIO-7
2047-03-15 01:48:20,71.09,56.12,51.77,66.45,57.35,61.54,111.0,62.53,56.65,RADIO-7
2047-03-15 01:23:50,63.38,66.66,61.98,65.32,63.32,51.78,65.97,60.96,55.96,RAD1O-7
2047-03-15 02:33:40,60.8,59.88,50.71,62.98,55.4,62.59,62.51,60.58,48.65,RADIO-7
2047-03-15 00:26:30,63.94,61.1,65.55,59.87,63.02,50.61,71.66,66.98,56.69,RADIO-7
2047-03-15 02:27:00,57.06,51.34,47.09,,53.96,55.63,56.83,54.94,51.97,RADIO-7
2047-03-15 01:29:30,57.69,53.59,58.62,62.03,55.19,142.56,63.12,73.45,49.13,RADIO-7
2047-03-15 00:40:00,55.24,63.98,70.86,56.31,62.99,58.7,,69.7,53.36,RADIO-7
2047-03-15 00:02:10,,65.37,54.49,62.37,55.18,66.57,57.56,61.56,48.76,RADIO-7
2047-03-15 01:19:10,58.51,58.07,54.54,60.68,64.7,63.7,,58.13,58.14,RADIO-7
2047-03-15 03:14:50,65.12,67.41,65.42,,56.45,60.23,61.42,57.72,72.04,RADIO-7
2047-03-15 02:34:40,,64.29,53.45,59.68,60.82,59.6,58.91,61.35,66.78,RADIO-7
2047-03-15 02:12:30,66.32,66.42,48.72,51.85,49.54,68.4,73.26,50.82,54.84,RADIO-7
2047-03-15 00:59:10,53.98,62.2,57.29,56.33,59.93,58.59,61.59,67.62,64.18,RADIO-7
2047-03-15 02:56:20,63.26,44.37,60.11,61.48,58.19,71.72,58.06,66.27,64.04,RADIO-7
2047-03-15 00:55:40,65.85,,71.92,60.36,50.51,59.31,56.83,50.58,60.36,RADIO-7
2047-03-15 01:54:40,64.27,57.16,48.29,69.05,55.73,49.47,63.51,59.21,56.48,RADIO-7
2047-03-15 00:30:40,58.66,64.45,66.58,62.79,63.39,59.63,58.51,58.4,50.71,RADIO-7
2047-03-15 02:17:10,57.82,52.15,64.17,65.68,62.86,63.34,54.3,50.82,59.92,RADIO-7
2047-03-15 03:12:10,52.06,51.8,75.07,57.56,,63.96,64.62,58.64,53.25,RADIO-7
2047-03-15 02:46:50,65.55,58.85,63.42,65.62,58.57,49.33,67.42,57.64,56.01,RADIO-7
2047-03-15 00:31:10,59.56,69.37,58.78,54.69,60.42,67.13,61.89,47.15,70.06,RADIO-7
2047-03-15 02:36:50,65.23,60.31,58.54,71.67,54.04,65.79,55.6,60.47,61.1,RADIO-7
2047-03-15 00:47:20,72.8,61.35,62.01,59.62,65.74,56.43,57.97,65.23,63.27,RADIO-7
CORRUPTED_TS_2129,55.1,64.91,66.82,52.83,63.68,51.15,61.13,53.62,60.81,RADIO-7
2047-03-15 00:27:30,62.48,59.05,57.55,60.11,58.59,56.33,64.59,60.11,,RADIO-7
2047-03-15 00:57:50,51.56,61.81,53.09,62.57,58.73,67.64,54.12,,56.32,RADIO-7
2047-03-15 00:49:40,64.88,66.14,63.73,62.58,55.4,57.92,43.36,59.38,69.68,RADIO-7
2047-03-15 01:29:10,60.28,50.3,68.84,57.67,57.01,64.92,49.97,59.71,57.15,RADIO-7
2047-03-15 00:38:10,64.08,58.34,,62.89,60.09,,50.66,55.89,56.08,RADIO-7
2047-03-15 00:06:50,61.03,58.78,68.29,58.9,60.45,67.31,57.34,68.4,62.24,RADIO-7
2047-03-15 02:24:40,63.95,68.54,61.39,60.64,49.62,56.84,60.21,70.72,67.34,RADIO-7
2047-03-15 02:04:40,56.33,66.76,59.34,54.36,57.05,56.96,65.85,56.9,64.69,RADIO-7
2047-03-15 03:17:50,58.65,54.45,54.49,56.1,60.25,72.73,62.22,,59.52,RADIO-7
2047-03-15 01:14:20,62.2,58.88,56.47,64.2,56.4,55.4,48.76,57.94,62.7,RADIO-7
2047-03-15 00:58:10,58.72,67.36,58.77,52.33,61.95,55.67,70.08,58.14,67.8,RADIO-7
2047-03-15 00:07:30,55.68,52.66,61.58,140.99,63.19,57.5,56.23,54.89,58.24,RADIO-7
2047-03-15 00:27:51,71.38,54.4,63.91,67.82,,59.08,57.18,63.16,60.38,RADIO-7
2047-03-15 00:43:31,59.64,52.65,54.63,55.26,66.28,,59.81,51.6,62.84,RADIO-7
2047-03-15 00:18:00,61.55,66.52,51.89,62.54,61.61,63.21,53.7,56.4,51.93,RADIO-7
2047-03-15 00:04:50,58.25,73.26,58.13,56.2,53.7,56.48,63.97,56.8,72.24,RADIO-7
2047-03-15 00:30:10,54.86,57.07,62.33,58.04,65.32,58.17,62.37,56.29,66.43,RADIO-7
2047-03-15 01:43:30,62.83,60.46,57.22,65.07,52.86,61.16,65.12,69.65,58.81,RADIO-7
2047-03-15 01:45:40,53.93,56.33,60.35,50.62,64.13,55.44,61.31,59.82,51.06,RADIO-7
2047-03-15 00:17:20,59.03,63.22,53.49,59.16,63.87,,62.74,51.77,63.25,RADIO-7
2047-03-15 00:10:00,57.12,63.35,60.46,57.84,57.15,60.3,71.9,55.5,59.69,RADIO-7
2047-03-15 01:49:40,61.19,61.73,52.79,59.45,53.78,59.33,42.9,51.11,57.39,RADIO-7
2047-03-15 03:04:30,53.68,58.9,59.63,,42.6,59.1,71.47,64.36,54.64,RADIO-7
2047-03-15 01:21:40,59.95,63.52,,53.41,69.44,60.65,62.46,58.19,57.37,RADIO-7
2047-03-15 00:52:30,60.13,59.27,47.4,59.45,63.12,64.3,62.81,63.4,61.74,RADIO-7
2047-03-15 01:03:30,56.4,66.89,56.1,69.84,57.32,51.37,64.13,65.74,56.98,RADIO-7
2047-03-15 01:10:20,58.51,65.52,59.71,48.89,58.65,67.82,55.18,61.59,68.17,RADIO-7
2047-03-15 03:19:20,59.88,54.47,54.16,62.92,,62.7,65.55,54.16,,RADIO-7
2047-03-15 01:14:10,64.02,62.57,53.42,57.51,,54.61,56.68,55.55,60.72,RADIO-7
CORRUPTED_TS_8532,56.74,49.51,,58.25,55.51,43.75,56.14,55.27,59.06,RADIO-7
2047-03-15 02:50:40,70.37,56.1,49.34,62.14,56.42,66.82,65.53,65.21,67.19,RADIO-7
2047-03-15 02:09:50,63.72,62.44,63.09,55.34,60.09,59.02,49.71,57.25,,RADIO-7
2047-03-15 01:44:20,54.06,53.46,61.14,71.21,65.78,62.24,59.65,57.38,56.02,RADIO-7
2047-03-15 03:05:20,65.22,61.38,70.27,62.46,67.55,,61.45,65.88,51.41,RADIO-7
2047-03-15 03:03:30,42.62,54.01,56.24,51.33,,59.24,57.12,67.94,63.68,RADIO-7
2047-03-15 00:44:40,57.36,52.82,63.31,60.84,,65.8,57.47,62.31,62.28,RADIO-7
2047-03-15 02:34:50,59.61,64.31,,56.69,59.68,53.55,61.69,63.64,60.18,RADIO-7
2047-03-15 03:11:10,51.36,54.82,68.8,53.48,67.13,44.09,61.9,64.48,54.35,RADIO-7
2047-03-15 03:06:30,66.3,53.4,46.7,60.67,53.41,64.12,57.04,57.57,61.21,RADIO-7
2047-03-15 00:01:50,57.21,55.84,69.23,60.67,48.52,62.68,57.73,,63.81,RADIO-7
2047-03-15 00:19:00,58.85,,59.25,66.08,52.37,58.76,53.29,57.41,62.73,RADIO-7
2047-03-15 02:20:30,62.29,60.91,66.35,64.08,68.16,54.89,65.68,53.36,56.5,RADIO-7
2047-03-15 00:58:40,65.15,54.73,57.21,73.1,63.11,51.88,50.85,63.71,54.66,RADIO-7
2047-03-15 01:28:41,59.6,59.88,54.66,66.42,61.54,69.24,57.58,60.13,54.87,RADIO-7
2047-03-15 02:08:50,65.84,61.17,64.66,60.81,57.75,52.99,56.94,53.09,56.61,RADIO-7
2047-03-15 01:55:00,57.83,63.28,49.09,63.05,57.53,62.84,61.13,64.18,54.01,RADIO-7
2047-03-15 02:11:40,62.58,64.8,57.54,63.09,56.68,59.47,67.26,54.36,45.05,RADIO-7
2047-03-15 01:28:30,50.03,57.9,57.27,60.01,58.47,62.76,,61.06,53.78,RADIO-7
2047-03-15 02:24:30,62.01,59.19,57.73,,64.3,,65.55,48.44,66.95,RADIO-7
2047-03-15 00:28:10,55.48,54.69,58.59,56.68,68.72,62.63,56.97,49.67,49.36,RADIO-7
2047-03-15 00:39:50,65.11,64.41,62.39,58.14,62.3,62.16,63.79,56.3,52.67,RADIO-7
2047-03-15 03:17:20,54.06,60.2,60.43,76.53,69.54,60.26,60.74,66.9,69.48,RADI0-7
2047-03-15 00:12:10,69.39,58.1,51.71,64.92,61.4,,58.65,56.43,50.39,RADIO-7
2047-03-15 03:01:00,66.18,64.7,,55.22,55.58,60.83,60.91,59.03,50.17,RADIO-7
2047-03-15 02:06:50,60.73,61.71,62.74,55.05,59.84,58.83,69.82,59.39,55.62,RADIO-7
2047-03-15 02:03:20,,61.85,65.08,65.65,70.14,49.74,48.17,59.99,57.3,RADIO-7
2047-03-15 02:05:00,54.46,49.36,65.05,47.78,54.16,65.37,114.0,63.95,60.85,RADIO-7
2047-03-15 02:03:30,52.32,,47.24,61.15,70.02,57.64,61.73,58.94,47.99,RADIO-7
2047-03-15 02:18:20,51.93,64.84,57.49,49.31,55.56,62.65,57.51,59.68,57.47,RADIO-7
2047-03-15 00:07:50,66.34,55.38,58.59,61.28,56.82,69.2,60.09,73.26,59.83,RADIO-7
2047-03-15 02:07:00,75.36,63.13,57.25,61.66,56.25,61.78,55.32,64.03,61.47,RADIO-7
2047-03-15 01:38:30,57.13,60.69,63.61,61.58,60.97,52.93,55.24,65.35,58.41,RADIO-7
2047-03-15 02:14:30,57.13,55.1,64.98,57.69,57.73,64.17,68.99,48.94,55.5,RADIO-7
2047-03-15 03:00:30,72.46,,59.61,55.8,51.13,,42.34,61.65,64.67,RADIO-7
2047-03-15 01:24:10,57.08,,64.5,61.46,66.49,58.45,58.2,55.41,56.72,RADIO-7
2047-03-15 02:54:00,58.96,69.7,64.17,63.82,64.33,64.79,55.77,68.61,55.27,RADIO-7
2047-03-15 01:48:40,58.39,52.84,58.27,61.26,70.23,55.5,62.16,59.57,63.17,N/A
2047-03-15 00:32:00,61.28,72.08,59.74,61.54,59.31,55.96,52.15,71.62,61.08,RADIO-7
2047-03-15 00:40:40,52.8,62.4,53.46,69.65,64.97,56.37,49.32,61.51,57.41,RADIO-7
2047-03-15 00:09:50,65.85,59.67,62.83,73.28,59.15,63.59,74.71,69.54,60.81,RADIO-7
2047-03-15 00:29:20,60.08,55.99,68.79,49.01,68.27,59.06,62.79,60.1,62.4,RADIO-7
2047-03-15 01:14:50,53.64,,56.77,62.36,62.54,62.02,53.65,64.01,62.6,RADIO-7
2047-03-15 00:09:10,65.59,52.74,68.92,62.18,74.06,69.13,70.92,64.39,67.83,RADIO-7
2047-03-15 02:33:10,,58.85,73.92,54.61,48.57,59.81,60.06,53.41,72.7,RADIO-7
2047-03-15 00:17:01,57.94,58.95,58.01,54.5,,53.2,57.26,,63.52,RADIO-7
2047-03-15 03:02:00,64.37,60.51,62.98,65.71,51.61,51.24,64.83,57.4,66.41,RADIO-7
2047-03-15 03:18:40,56.39,51.02,73.82,59.31,54.01,,69.44,67.51,60.33,RADIO-7
2047-03-15 00:56:21,62.48,52.98,,57.9,55.85,60.83,,68.87,52.42,RADIO-7
2047-03-15 02:56:30,57.78,61.19,,55.19,56.21,64.12,,58.79,52.93,RADIO-7
2047-03-15 01:46:50,70.01,48.71,60.94,65.35,56.2,70.78,57.31,61.77,56.12,RADIO-7
